DataExecucao,Ticker,RMSE,MAPE,BestScale,PrevisaoInicio,PrevisaoFim
2025-05-06 13:38:52,BTC-USD,465.2647,0.004282,0.05,2025-05-04 00:00:00,2025-05-06 19:00:00
2025-05-06 13:39:05,SOL-USD,0.7501,0.004201,0.05,2025-05-04 00:00:00,2025-05-06 19:00:00
2025-05-06 13:39:16,PENDLE-USD,0.0345,0.009947,0.01,2025-05-04 00:00:00,2025-05-06 19:00:00
2025-05-06 19:00:57,BTC-USD,493.5544,0.003559,0.05,2025-05-04 05:00:00,2025-05-07 00:00:00
2025-05-06 19:01:08,SOL-USD,2.1494,0.013228,0.05,2025-05-04 05:00:00,2025-05-07 00:00:00
2025-05-06 19:01:19,PENDLE-USD,0.05,0.012301,0.05,2025-05-04 05:00:00,2025-05-07 00:00:00
2025-05-07 12:21:19,btc-USD,13690.6064,0.13106,0.05,2024-12-29 00:00:00,2025-05-12 00:00:00
2025-05-07 13:14:48,pendle-USD,0.2827,0.075069,0.05,2024-12-29 00:00:00,2025-05-12 00:00:00
2025-05-07 13:18:09,btc-USD,13681.4344,0.131008,0.05,2024-12-29 00:00:00,2025-05-12 00:00:00
2025-05-07 13:23:47,btc-USD,13667.4602,0.130926,0.05,2024-12-29 00:00:00,2025-05-12 00:00:00
2025-05-07 13:26:00,pendle-USD,0.2827,0.075045,0.05,2024-12-29 00:00:00,2025-05-12 00:00:00
2025-05-07 14:45:15,pendle-USD,0.2826,0.074908,0.05,2024-12-29 00:00:00,2025-05-12 00:00:00
2025-05-07 14:45:48,pendle-USD,0.2826,0.074908,0.05,2024-12-29 00:00:00,2025-05-12 00:00:00
2025-05-07 15:37:13,pendle-USD,0.2825,0.074675,0.05,2024-12-29 00:00:00,2025-05-12 00:00:00
2025-05-07 17:31:29,pendle-USD,0.2825,0.074505,0.05,2024-12-29 00:00:00,2025-05-12 00:00:00
2025-05-07 17:34:18,pendle-USD,0.2825,0.074542,0.05,2024-12-29 00:00:00,2025-05-12 00:00:00
2025-05-07 19:16:35,pendle-USD,0.2826,0.074874,0.05,2024-12-29 00:00:00,2025-05-12 00:00:00
2025-05-07 21:19:24,pendle-USD,0.192,0.048021,0.05,2024-12-30 00:00:00,2025-05-13 00:00:00
2025-05-07 21:35:04,pendle-USD,0.1919,0.047971,0.05,2024-12-30 00:00:00,2025-05-13 00:00:00
2025-05-07 21:36:33,pendle-USD,0.1919,0.047971,0.05,2024-12-30 00:00:00,2025-05-13 00:00:00
2025-05-07 21:37:24,pendle-USD,0.1919,0.047971,0.05,2024-12-30 00:00:00,2025-05-13 00:00:00
2025-05-07 21:39:04,pendle-USD,0.1923,0.048145,0.05,2024-12-30 00:00:00,2025-05-13 00:00:00
2025-05-07 21:39:10,pendle-USD,0.1923,0.048145,0.05,2024-12-30 00:00:00,2025-05-13 00:00:00
2025-05-07 23:01:40,pendle-USD,0.1926,0.048283,0.05,2024-12-30 00:00:00,2025-05-13 00:00:00
2025-05-07 23:03:40,sol-USD,45.0838,0.296978,0.05,2024-12-30 00:00:00,2025-05-13 00:00:00
2025-05-07 23:09:23,sol-USD,45.0883,0.296992,0.05,2024-12-30 00:00:00,2025-05-13 00:00:00
2025-05-07 23:19:12,aave-USD,67.3025,0.359474,0.05,2024-12-30 00:00:00,2025-05-13 00:00:00
2025-05-07 23:27:41,aave-USD,67.3495,0.359549,0.05,2024-12-30 00:00:00,2025-05-13 00:00:00
2025-05-07 23:32:00,aave-USD,67.4238,0.359665,0.05,2024-12-30 00:00:00,2025-05-13 00:00:00
2025-05-07 23:33:05,pendle-USD,0.192,0.047984,0.05,2024-12-30 00:00:00,2025-05-13 00:00:00
2025-05-07 23:33:37,pendle-USD,0.192,0.047984,0.05,2024-12-30 00:00:00,2025-05-13 00:00:00
2025-05-07 23:36:34,btc-USD,13851.235,0.132448,0.05,2024-12-30 00:00:00,2025-05-13 00:00:00
2025-05-07 23:37:59,aave-USD,67.4421,0.359693,0.05,2024-12-30 00:00:00,2025-05-13 00:00:00
2025-05-07 23:38:06,aave-USD,67.4421,0.359693,0.05,2024-12-30 00:00:00,2025-05-13 00:00:00
2025-05-07 23:39:53,aave-USD,67.4056,0.359637,0.05,2024-12-30 00:00:00,2025-05-13 00:00:00
2025-05-07 23:58:01,aave-USD,67.4445,0.359696,0.05,2024-12-30 00:00:00,2025-05-13 00:00:00
2025-05-08 12:28:27,pendle-USD,0.1988,0.049572,0.05,2024-12-30 00:00:00,2025-05-13 00:00:00
2025-05-08 12:31:57,pendle-USD,0.2007,0.04989,0.05,2024-12-30 00:00:00,2025-05-13 00:00:00
2025-05-08 12:39:35,pendle-USD,0.2011,0.049957,0.05,2024-12-30 00:00:00,2025-05-13 00:00:00
2025-05-08 12:43:47,sol-USD,45.8477,0.298907,0.05,2024-12-30 00:00:00,2025-05-13 00:00:00
2025-05-08 12:44:15,sol-USD,45.8477,0.298907,0.05,2024-12-30 00:00:00,2025-05-13 00:00:00
2025-05-08 12:46:00,pendle-USD,0.2047,0.050444,0.05,2024-12-30 00:00:00,2025-05-13 00:00:00
2025-05-08 12:53:51,pendle-USD,0.2038,0.050333,0.05,2024-12-30 00:00:00,2025-05-13 00:00:00
2025-05-08 12:54:36,pendle-USD,0.2038,0.050333,0.05,2024-12-30 00:00:00,2025-05-13 00:00:00
2025-05-08 12:55:12,pendle-USD,0.2038,0.050333,0.05,2024-12-30 00:00:00,2025-05-13 00:00:00
2025-05-08 13:33:04,pendle-USD,0.2021,0.050099,0.05,2024-12-30 00:00:00,2025-05-13 00:00:00
2025-05-08 13:33:51,pendle-USD,0.2021,0.050099,0.05,2024-12-30 00:00:00,2025-05-13 00:00:00
2025-05-08 13:34:52,pendle-USD,0.2021,0.050099,0.05,2024-12-30 00:00:00,2025-05-13 00:00:00
2025-05-08 13:35:44,pendle-USD,0.1993,0.049659,0.05,2024-12-30 00:00:00,2025-05-13 00:00:00
2025-05-08 13:35:44,pendle-USD,0.1993,0.049659,0.05,2024-12-30 00:00:00,2025-05-13 00:00:00
2025-05-08 14:52:18,pendle-USD,0.1998,0.049746,0.05,2024-12-30 00:00:00,2025-05-13 00:00:00
2025-05-08 17:35:34,pendle-USD,0.2022,0.050108,0.05,2024-12-30 00:00:00,2025-05-13 00:00:00
2025-05-08 18:28:32,pendle-USD,0.2045,0.050425,0.05,2024-12-30 00:00:00,2025-05-13 00:00:00
2025-05-08 18:42:52,pendle-USD,0.2009,0.049918,0.05,2024-12-30 00:00:00,2025-05-13 00:00:00
2025-05-08 18:43:34,pendle-USD,0.2009,0.049918,0.05,2024-12-30 00:00:00,2025-05-13 00:00:00
2025-05-08 18:51:34,btc-USD,14127.6085,0.13371,0.05,2024-12-30 00:00:00,2025-05-13 00:00:00
2025-05-08 18:52:45,pendle-USD,0.1989,0.049601,0.05,2024-12-30 00:00:00,2025-05-13 00:00:00
2025-05-08 18:53:45,pendle-USD,0.1989,0.049601,0.05,2024-12-30 00:00:00,2025-05-13 00:00:00
2025-05-08 18:58:33,pendle-USD,0.1989,0.049592,0.05,2024-12-30 00:00:00,2025-05-13 00:00:00
2025-05-08 19:06:12,pendle-USD,0.1986,0.049543,0.05,2024-12-30 00:00:00,2025-05-13 00:00:00
2025-05-08 19:07:53,btc-USD,14104.2257,0.133615,0.05,2024-12-30 00:00:00,2025-05-13 00:00:00
2025-05-08 19:16:37,pendle-USD,0.1979,0.049416,0.05,2024-12-30 00:00:00,2025-05-13 00:00:00
2025-05-08 19:25:48,pendle-USD,0.1975,0.049337,0.05,2024-12-30 00:00:00,2025-05-13 00:00:00
2025-05-08 19:32:03,pendle-USD,0.1972,0.049298,0.05,2024-12-30 00:00:00,2025-05-13 00:00:00
2025-05-08 20:16:00,pendle-USD,0.1986,0.049553,0.05,2024-12-30 00:00:00,2025-05-13 00:00:00
2025-05-08 20:24:18,pendle-USD,0.4124,0.113175,0.05,2025-05-03 14:00:00,2025-06-01 23:00:00
2025-05-08 20:24:20,pendle-USD,0.1997,0.049727,0.05,2024-12-30 00:00:00,2025-05-13 00:00:00
2025-05-08 20:26:51,pendle-USD,0.4124,0.113175,0.05,2025-05-03 14:00:00,2025-06-01 23:00:00
2025-05-08 20:26:52,pendle-USD,0.1997,0.049727,0.05,2024-12-30 00:00:00,2025-05-13 00:00:00
2025-05-08 20:32:58,pendle-USD,0.2,0.049775,0.05,2024-12-30 00:00:00,2025-05-13 00:00:00
2025-05-08 20:34:56,pendle-USD,0.2003,0.049833,0.05,2024-12-30 00:00:00,2025-05-13 00:00:00
2025-05-08 20:34:56,pendle-USD,0.2003,0.049833,0.05,2024-12-30 00:00:00,2025-05-13 00:00:00
2025-05-08 22:08:12,pendle-USD,0.1542,0.039263,0.05,2024-12-31 00:00:00,2025-05-14 00:00:00
2025-05-08 22:34:04,pendle-USD,0.1544,0.039345,0.05,2024-12-31 00:00:00,2025-05-14 00:00:00
2025-05-08 22:41:03,pendle-USD,0.1541,0.039211,0.05,2024-12-31 00:00:00,2025-05-14 00:00:00
2025-05-08 22:41:05,pendle-USD,0.1541,0.039211,0.05,2024-12-31 00:00:00,2025-05-14 00:00:00
2025-05-08 22:51:22,pendle-USD,0.1541,0.039221,0.05,2024-12-31 00:00:00,2025-05-14 00:00:00
2025-05-08 23:07:24,pendle-USD,0.1541,0.03919,0.05,2024-12-31 00:00:00,2025-05-14 00:00:00
2025-05-09 08:33:10,pendle-USD,0.1728,0.042312,0.05,2024-12-31 00:00:00,2025-05-14 00:00:00
2025-05-09 09:21:32,pendle-USD,0.1647,0.041419,0.05,2024-12-31 00:00:00,2025-05-14 00:00:00
2025-05-09 09:34:46,pendle-USD,0.1648,0.041438,0.05,2024-12-31 00:00:00,2025-05-14 00:00:00
2025-05-09 13:46:45,pendle-USD,0.1572,0.040188,0.05,2024-12-31 00:00:00,2025-05-14 00:00:00
2025-05-09 13:48:41,pendle-USD,0.1576,0.040285,0.05,2024-12-31 00:00:00,2025-05-14 00:00:00
2025-05-09 14:32:56,pendle-USD,0.1597,0.04069,0.05,2024-12-31 00:00:00,2025-05-14 00:00:00
2025-05-09 16:33:54,pendle-USD,0.1576,0.040276,0.05,2024-12-31 00:00:00,2025-05-14 00:00:00
2025-05-09 20:31:47,pendle-USD,0.1625,0.041124,0.05,2024-12-31 00:00:00,2025-05-14 00:00:00
2025-05-09 21:24:31,pendle-USD,0.1879,0.045484,0.05,2025-01-01 00:00:00,2025-05-15 00:00:00
2025-05-09 21:26:32,pendle-USD,0.1879,0.045484,0.05,2025-01-01 00:00:00,2025-05-15 00:00:00
2025-05-09 21:39:03,pendle-USD,0.1864,0.045316,0.05,2025-01-01 00:00:00,2025-05-15 00:00:00
2025-05-09 21:42:46,pendle-USD,0.1864,0.045316,0.05,2025-01-01 00:00:00,2025-05-15 00:00:00
2025-05-09 21:53:11,pendle-USD,0.1821,0.044782,0.05,2025-01-01 00:00:00,2025-05-15 00:00:00
2025-05-09 22:28:53,pendle-USD,0.1862,0.045298,0.05,2025-01-01 00:00:00,2025-05-15 00:00:00
2025-05-09 22:53:00,pendle-USD,0.1816,0.044709,0.05,2025-01-01 00:00:00,2025-05-15 00:00:00
2025-05-09 23:24:13,pendle-USD,0.1823,0.04481,0.05,2025-01-01 00:00:00,2025-05-15 00:00:00
2025-05-10 00:12:10,pendle-USD,0.1823,0.0448,0.05,2025-01-01 00:00:00,2025-05-15 00:00:00
2025-05-10 13:19:23,pendle-USD,0.1884,0.045537,0.05,2025-01-01 00:00:00,2025-05-15 00:00:00
2025-05-10 18:02:01,pendle-USD,0.1908,0.04579,0.05,2025-01-01 00:00:00,2025-05-15 00:00:00
2025-05-10 18:05:09,sol-USD,64.0821,0.409748,0.05,2025-01-01 00:00:00,2025-05-15 00:00:00
2025-05-10 18:11:02,ray-USD,2.7906,1.027558,0.05,2025-01-01 00:00:00,2025-05-15 00:00:00
2025-05-10 18:40:19,ray-USD,2.7927,1.027428,0.05,2025-01-01 00:00:00,2025-05-15 00:00:00
2025-05-10 18:43:56,pendle-USD,0.1944,0.046133,0.05,2025-01-01 00:00:00,2025-05-15 00:00:00
2025-05-10 18:48:41,pendle-USD,0.0952,0.024067,0.05,2025-05-05 12:00:00,2025-06-03 21:00:00
2025-05-10 18:48:43,pendle-USD,0.1952,0.046201,0.05,2025-01-01 00:00:00,2025-05-15 00:00:00
2025-05-10 18:48:43,pendle-USD,0.1952,0.046201,0.05,2025-01-01 00:00:00,2025-05-15 00:00:00
2025-05-10 18:48:43,pendle-USD,0.1952,0.046201,0.05,2025-01-01 00:00:00,2025-05-15 00:00:00
2025-05-10 19:36:42,pendle-USD,0.0785,0.019892,0.05,2025-05-05 13:00:00,2025-06-03 22:00:00
2025-05-10 19:36:43,pendle-USD,0.1973,0.046386,0.05,2025-01-01 00:00:00,2025-05-15 00:00:00
2025-05-10 23:10:16,sol-USD,65.3564,0.410682,0.05,2025-01-02 00:00:00,2025-05-16 00:00:00
2025-05-10 23:13:38,sol-USD,65.3625,0.410691,0.05,2025-01-02 00:00:00,2025-05-16 00:00:00
2025-05-10 23:15:38,pendle-USD,0.1953,0.04408,0.05,2025-01-02 00:00:00,2025-05-16 00:00:00
2025-05-10 23:33:24,pendle-USD,0.1972,0.044239,0.05,2025-01-02 00:00:00,2025-05-16 00:00:00
2025-05-10 23:35:13,ray-USD,2.809,1.014468,0.05,2025-01-02 00:00:00,2025-05-16 00:00:00
2025-05-10 23:50:43,ray-USD,2.8085,1.014498,0.05,2025-01-02 00:00:00,2025-05-16 00:00:00
2025-05-10 23:52:11,pendle-USD,0.1961,0.044147,0.05,2025-01-02 00:00:00,2025-05-16 00:00:00
2025-05-11 00:02:56,ray-USD,2.8066,1.014615,0.05,2025-01-02 00:00:00,2025-05-16 00:00:00
2025-05-11 00:16:53,ray-USD,2.8081,1.014522,0.05,2025-01-02 00:00:00,2025-05-16 00:00:00
2025-05-11 00:21:28,ray-USD,2.8083,1.014508,0.05,2025-01-02 00:00:00,2025-05-16 00:00:00
2025-05-11 00:28:31,ray-USD,2.8089,1.014471,0.05,2025-01-02 00:00:00,2025-05-16 00:00:00
2025-05-11 00:38:30,ray-USD,2.8075,1.014556,0.05,2025-01-02 00:00:00,2025-05-16 00:00:00
2025-05-11 00:40:23,pendle-USD,0.1911,0.043698,0.05,2025-01-02 00:00:00,2025-05-16 00:00:00
2025-05-11 00:43:48,ray-USD,2.8092,1.014454,0.05,2025-01-02 00:00:00,2025-05-16 00:00:00
2025-05-11 00:47:41,ray-USD,2.8096,1.014427,0.05,2025-01-02 00:00:00,2025-05-16 00:00:00
2025-05-11 00:49:02,ray-USD,2.8099,1.01441,0.05,2025-01-02 00:00:00,2025-05-16 00:00:00
2025-05-11 00:50:11,sol-USD,65.3151,0.41062,0.05,2025-01-02 00:00:00,2025-05-16 00:00:00
2025-05-11 00:55:10,pendle-USD,0.1916,0.043749,0.05,2025-01-02 00:00:00,2025-05-16 00:00:00
2025-05-11 01:04:21,pendle-USD,0.1912,0.043706,0.05,2025-01-02 00:00:00,2025-05-16 00:00:00
2025-05-11 01:10:04,pendle-USD,0.1912,0.043706,0.05,2025-01-02 00:00:00,2025-05-16 00:00:00
2025-05-11 01:16:42,pendle-USD,0.1924,0.043818,0.05,2025-01-02 00:00:00,2025-05-16 00:00:00
2025-05-11 01:16:42,pendle-USD,0.1924,0.043818,0.05,2025-01-02 00:00:00,2025-05-16 00:00:00
2025-05-11 01:20:40,pendle-USD,0.1929,0.043869,0.05,2025-01-02 00:00:00,2025-05-16 00:00:00
2025-05-11 12:49:47,pendle-USD,0.1833,0.042871,0.05,2025-01-02 00:00:00,2025-05-16 00:00:00
2025-05-11 13:29:27,pendle-USD,0.1813,0.042616,0.05,2025-01-02 00:00:00,2025-05-16 00:00:00
2025-05-11 13:56:50,pendle-USD,0.178,0.042153,0.05,2025-01-02 00:00:00,2025-05-16 00:00:00
2025-05-11 14:06:08,pendle-USD,0.1789,0.042284,0.05,2025-01-02 00:00:00,2025-05-16 00:00:00
2025-05-11 14:16:53,pendle-USD,0.1793,0.042349,0.05,2025-01-02 00:00:00,2025-05-16 00:00:00
2025-05-11 14:17:40,pendle-USD,0.1793,0.042349,0.05,2025-01-02 00:00:00,2025-05-16 00:00:00
2025-05-11 14:19:53,pendle-USD,0.1798,0.042414,0.05,2025-01-02 00:00:00,2025-05-16 00:00:00
2025-05-11 14:22:48,pendle-USD,0.1798,0.042414,0.05,2025-01-02 00:00:00,2025-05-16 00:00:00
2025-05-11 14:27:53,pendle-USD,0.1812,0.042607,0.05,2025-01-02 00:00:00,2025-05-16 00:00:00
2025-05-11 14:50:47,pendle-USD,0.1813,0.042616,0.05,2025-01-02 00:00:00,2025-05-16 00:00:00
2025-05-11 14:52:37,pendle-USD,0.1813,0.042616,0.05,2025-01-02 00:00:00,2025-05-16 00:00:00
2025-05-11 15:27:17,pendle-USD,0.1824,0.042762,0.05,2025-01-02 00:00:00,2025-05-16 00:00:00
2025-05-11 15:29:58,pendle-USD,0.1826,0.04278,0.05,2025-01-02 00:00:00,2025-05-16 00:00:00
2025-05-11 15:32:23,pendle-USD,0.1826,0.04278,0.05,2025-01-02 00:00:00,2025-05-16 00:00:00
2025-05-11 15:35:13,pendle-USD,0.181,0.04258,0.05,2025-01-02 00:00:00,2025-05-16 00:00:00
2025-05-11 19:32:28,pendle-USD,0.1822,0.042735,0.05,2025-01-02 00:00:00,2025-05-16 00:00:00
2025-05-11 19:36:56,pendle-USD,0.183,0.042835,0.05,2025-01-02 00:00:00,2025-05-16 00:00:00
2025-05-11 19:42:34,pendle-USD,0.1818,0.042689,0.05,2025-01-02 00:00:00,2025-05-16 00:00:00
2025-05-11 20:04:53,pendle-USD,0.1826,0.042789,0.05,2025-01-02 00:00:00,2025-05-16 00:00:00
2025-05-11 20:07:00,pendle-USD,0.1826,0.042789,0.05,2025-01-02 00:00:00,2025-05-16 00:00:00
2025-05-11 20:09:46,pendle-USD,0.1832,0.042862,0.05,2025-01-02 00:00:00,2025-05-16 00:00:00
2025-05-11 20:36:25,pendle-USD,0.1841,0.042961,0.05,2025-01-02 00:00:00,2025-05-16 00:00:00
2025-05-11 20:38:43,pendle-USD,0.1834,0.04288,0.05,2025-01-02 00:00:00,2025-05-16 00:00:00
2025-05-11 20:44:57,pendle-USD,0.1839,0.042943,0.05,2025-01-02 00:00:00,2025-05-16 00:00:00
2025-05-11 20:45:50,pendle-USD,0.1839,0.042943,0.05,2025-01-02 00:00:00,2025-05-16 00:00:00
2025-05-11 20:47:38,pendle-USD,0.1839,0.042943,0.05,2025-01-02 00:00:00,2025-05-16 00:00:00
2025-05-11 20:51:30,pendle-USD,0.1852,0.043094,0.05,2025-01-02 00:00:00,2025-05-16 00:00:00
2025-05-11 20:53:17,pendle-USD,0.185,0.043068,0.05,2025-01-02 00:00:00,2025-05-16 00:00:00
2025-05-11 21:02:13,pendle-USD,0.1855,0.043121,0.05,2025-01-02 00:00:00,2025-05-16 00:00:00
2025-05-11 21:04:24,pendle-USD,0.198,0.046261,0.05,2025-01-03 00:00:00,2025-05-17 00:00:00
2025-05-11 21:09:45,pendle-USD,0.1984,0.046315,0.05,2025-01-03 00:00:00,2025-05-17 00:00:00
2025-05-11 21:15:02,pendle-USD,0.1979,0.046252,0.05,2025-01-03 00:00:00,2025-05-17 00:00:00
2025-05-11 21:22:48,ray-USD,2.843,1.016983,0.05,2025-01-03 00:00:00,2025-05-17 00:00:00
2025-05-11 21:25:58,ray-USD,2.8429,1.01699,0.05,2025-01-03 00:00:00,2025-05-17 00:00:00
2025-05-11 21:43:46,pendle-USD,0.2027,0.046826,0.05,2025-01-03 00:00:00,2025-05-17 00:00:00
2025-05-11 21:47:50,pendle-USD,0.2027,0.046826,0.05,2025-01-03 00:00:00,2025-05-17 00:00:00
2025-05-11 21:56:07,pendle-USD,0.2023,0.046782,0.05,2025-01-03 00:00:00,2025-05-17 00:00:00
2025-05-11 21:57:01,pendle-USD,0.2023,0.046782,0.05,2025-01-03 00:00:00,2025-05-17 00:00:00
2025-05-11 22:03:43,pendle-USD,0.2035,0.046912,0.05,2025-01-03 00:00:00,2025-05-17 00:00:00
2025-05-11 22:07:19,pendle-USD,0.2403,0.061516,0.05,2025-05-06 16:00:00,2025-06-05 01:00:00
2025-05-11 22:07:21,pendle-USD,0.2038,0.046947,0.05,2025-01-03 00:00:00,2025-05-17 00:00:00
2025-05-11 22:07:21,pendle-USD,0.2038,0.046947,0.05,2025-01-03 00:00:00,2025-05-17 00:00:00
2025-05-11 22:11:16,pendle-USD,0.2403,0.061516,0.05,2025-05-06 16:00:00,2025-06-05 01:00:00
2025-05-11 22:11:57,pendle-USD,0.2403,0.061516,0.05,2025-05-06 16:00:00,2025-06-05 01:00:00
2025-05-11 22:11:58,pendle-USD,0.2049,0.047058,0.05,2025-01-03 00:00:00,2025-05-17 00:00:00
2025-05-11 22:11:59,pendle-USD,0.2049,0.047058,0.05,2025-01-03 00:00:00,2025-05-17 00:00:00
2025-05-11 22:24:07,pendle-USD,0.2021,0.046765,0.05,2025-01-03 00:00:00,2025-05-17 00:00:00
2025-05-11 22:28:07,pendle-USD,0.2021,0.046765,0.05,2025-01-03 00:00:00,2025-05-17 00:00:00
2025-05-11 22:32:40,pendle-USD,0.2011,0.046651,0.05,2025-01-03 00:00:00,2025-05-17 00:00:00
2025-05-11 22:33:41,pendle-USD,0.2011,0.046651,0.05,2025-01-03 00:00:00,2025-05-17 00:00:00
2025-05-11 22:35:46,pendle-USD,0.1993,0.046431,0.05,2025-01-03 00:00:00,2025-05-17 00:00:00
2025-05-11 22:37:41,pendle-USD,0.1993,0.046431,0.05,2025-01-03 00:00:00,2025-05-17 00:00:00
2025-05-11 22:43:10,pendle-USD,0.1962,0.046018,0.05,2025-01-03 00:00:00,2025-05-17 00:00:00
2025-05-11 22:45:00,pendle-USD,0.1971,0.046145,0.05,2025-01-03 00:00:00,2025-05-17 00:00:00
2025-05-11 22:48:45,pendle-USD,0.1971,0.046145,0.05,2025-01-03 00:00:00,2025-05-17 00:00:00
2025-05-11 22:50:48,pendle-USD,0.1982,0.046297,0.05,2025-01-03 00:00:00,2025-05-17 00:00:00
2025-05-11 22:52:36,pendle-USD,0.2403,0.061516,0.05,2025-05-06 16:00:00,2025-06-05 01:00:00
2025-05-11 22:52:38,pendle-USD,0.1982,0.046297,0.05,2025-01-03 00:00:00,2025-05-17 00:00:00
2025-05-11 22:52:38,pendle-USD,0.1982,0.046297,0.05,2025-01-03 00:00:00,2025-05-17 00:00:00
2025-05-11 22:52:39,pendle-USD,0.1982,0.046297,0.05,2025-01-03 00:00:00,2025-05-17 00:00:00
2025-05-11 22:55:49,pendle-USD,0.2403,0.061516,0.05,2025-05-06 16:00:00,2025-06-05 01:00:00
2025-05-11 22:55:51,pendle-USD,0.1993,0.046431,0.05,2025-01-03 00:00:00,2025-05-17 00:00:00
2025-05-11 23:04:40,pendle-USD,0.2001,0.046528,0.05,2025-01-03 00:00:00,2025-05-17 00:00:00
2025-05-11 23:17:13,pendle-USD,0.2017,0.046712,0.05,2025-01-03 00:00:00,2025-05-17 00:00:00
2025-05-11 23:25:07,pendle-USD,0.2011,0.046651,0.05,2025-01-03 00:00:00,2025-05-17 00:00:00
2025-05-11 23:27:12,pendle-USD,0.2029,0.046852,0.05,2025-01-03 00:00:00,2025-05-17 00:00:00
2025-05-11 23:28:21,pendle-USD,0.2029,0.046852,0.05,2025-01-03 00:00:00,2025-05-17 00:00:00
2025-05-11 23:33:16,pendle-USD,0.2011,0.046651,0.05,2025-01-03 00:00:00,2025-05-17 00:00:00
2025-05-11 23:38:47,pendle-USD,0.2015,0.046695,0.05,2025-01-03 00:00:00,2025-05-17 00:00:00
2025-05-11 23:41:30,pendle-USD,0.2018,0.04673,0.05,2025-01-03 00:00:00,2025-05-17 00:00:00
2025-05-12 08:26:33,pendle-USD,0.2016,0.046704,0.05,2025-01-03 00:00:00,2025-05-17 00:00:00
2025-05-12 08:28:54,pendle-USD,0.2016,0.046704,0.05,2025-01-03 00:00:00,2025-05-17 00:00:00
2025-05-12 08:29:27,pendle-USD,0.2016,0.046704,0.05,2025-01-03 00:00:00,2025-05-17 00:00:00
2025-05-12 08:30:24,pendle-USD,0.2016,0.046704,0.05,2025-01-03 00:00:00,2025-05-17 00:00:00
2025-05-12 09:04:19,pendle-USD,0.1968,0.046099,0.05,2025-01-03 00:00:00,2025-05-17 00:00:00
2025-05-12 09:10:57,pendle-USD,0.1961,0.046009,0.05,2025-01-03 00:00:00,2025-05-17 00:00:00
2025-05-12 09:11:29,pendle-USD,0.1961,0.046009,0.05,2025-01-03 00:00:00,2025-05-17 00:00:00
2025-05-12 09:23:31,pendle-USD,0.1972,0.046154,0.05,2025-01-03 00:00:00,2025-05-17 00:00:00
2025-05-12 12:13:56,pendle-USD,0.1905,0.045047,0.05,2025-01-03 00:00:00,2025-05-17 00:00:00
2025-05-12 12:23:04,pendle-USD,0.1915,0.045238,0.05,2025-01-03 00:00:00,2025-05-17 00:00:00
2025-05-12 13:20:50,pendle-USD,0.1916,0.045257,0.05,2025-01-03 00:00:00,2025-05-17 00:00:00
2025-05-12 14:15:07,pendle-USD,0.1914,0.045228,0.05,2025-01-03 00:00:00,2025-05-17 00:00:00
2025-05-12 15:12:11,pendle-USD,0.1898,0.044873,0.05,2025-01-03 00:00:00,2025-05-17 00:00:00
2025-05-12 15:13:01,pendle-USD,0.1898,0.044873,0.05,2025-01-03 00:00:00,2025-05-17 00:00:00
2025-05-12 15:25:59,pendle-USD,0.188,0.044412,0.05,2025-01-03 00:00:00,2025-05-17 00:00:00
2025-05-12 15:30:06,pendle-USD,0.188,0.044412,0.05,2025-01-03 00:00:00,2025-05-17 00:00:00
2025-05-12 15:33:12,pendle-USD,0.188,0.044412,0.05,2025-01-03 00:00:00,2025-05-17 00:00:00
2025-05-12 15:37:44,pendle-USD,0.1868,0.04398,0.05,2025-01-03 00:00:00,2025-05-17 00:00:00
2025-05-12 15:39:40,pendle-USD,0.1883,0.044482,0.05,2025-01-03 00:00:00,2025-05-17 00:00:00
2025-05-12 15:44:12,pendle-USD,0.1885,0.044561,0.05,2025-01-03 00:00:00,2025-05-17 00:00:00
2025-05-12 15:53:00,pendle-USD,0.1868,0.04398,0.05,2025-01-03 00:00:00,2025-05-17 00:00:00
2025-05-12 15:55:55,pendle-USD,0.1868,0.04398,0.05,2025-01-03 00:00:00,2025-05-17 00:00:00
2025-05-12 17:19:38,pendle-USD,0.1888,0.04463,0.05,2025-01-03 00:00:00,2025-05-17 00:00:00
2025-05-12 17:21:53,pendle-USD,0.1893,0.044776,0.05,2025-01-03 00:00:00,2025-05-17 00:00:00
2025-05-12 17:30:56,pendle-USD,0.1895,0.044815,0.05,2025-01-03 00:00:00,2025-05-17 00:00:00
2025-05-12 17:39:54,pendle-USD,0.19,0.044941,0.05,2025-01-03 00:00:00,2025-05-17 00:00:00
2025-05-12 17:42:29,pendle-USD,0.1904,0.045018,0.05,2025-01-03 00:00:00,2025-05-17 00:00:00
2025-05-12 17:58:45,pendle-USD,0.1907,0.045076,0.05,2025-01-03 00:00:00,2025-05-17 00:00:00
2025-05-12 18:44:16,pendle-USD,0.1907,0.045076,0.05,2025-01-03 00:00:00,2025-05-17 00:00:00
2025-05-12 19:31:40,pendle-USD,0.1904,0.045028,0.05,2025-01-03 00:00:00,2025-05-17 00:00:00
2025-05-12 19:57:32,pendle-USD,0.1911,0.045171,0.05,2025-01-03 00:00:00,2025-05-17 00:00:00
2025-05-12 20:18:15,pendle-USD,0.1927,0.045464,0.05,2025-01-03 00:00:00,2025-05-17 00:00:00
2025-05-12 20:23:47,pendle-USD,0.1931,0.04553,0.05,2025-01-03 00:00:00,2025-05-17 00:00:00
2025-05-12 20:57:44,pendle-USD,0.1936,0.045623,0.05,2025-01-03 00:00:00,2025-05-17 00:00:00
2025-05-12 22:22:10,pendle-USD,0.1979,0.047176,0.05,2025-01-04 00:00:00,2025-05-18 00:00:00
2025-05-12 22:22:55,pendle-USD,0.1985,0.04734,0.05,2025-01-04 00:00:00,2025-05-18 00:00:00
2025-05-12 22:37:55,pendle-USD,0.1984,0.047311,0.05,2025-01-04 00:00:00,2025-05-18 00:00:00
2025-05-12 23:22:03,pendle-USD,0.1964,0.046784,0.05,2025-01-04 00:00:00,2025-05-18 00:00:00
2025-05-13 12:34:02,SOL-USD,63.213,0.387956,0.05,2025-01-04 00:00:00,2025-05-18 00:00:00
2025-05-13 12:34:02,SOL-USD,63.213,0.387956,0.05,2025-01-04 00:00:00,2025-05-18 00:00:00
2025-05-13 12:44:45,pendle-USD,0.2216,0.050239,0.05,2025-01-04 00:00:00,2025-05-18 00:00:00
2025-05-13 14:33:46,pendle-USD,0.2191,0.050018,0.05,2025-01-04 00:00:00,2025-05-18 00:00:00
2025-05-13 18:34:06,pendle-USD,0.2335,0.051163,0.05,2025-01-04 00:00:00,2025-05-18 00:00:00
2025-05-13 22:49:45,pendle-USD,0.2456,0.051738,0.05,2025-01-05 00:00:00,2025-05-19 00:00:00
2025-05-13 23:00:11,pendle-USD,0.2396,0.051182,0.05,2025-01-05 00:00:00,2025-05-19 00:00:00
2025-05-13 23:08:46,pendle-USD,0.236,0.050806,0.05,2025-01-05 00:00:00,2025-05-19 00:00:00
2025-05-13 23:48:15,pendle-USD,0.2364,0.050848,0.05,2025-01-05 00:00:00,2025-05-19 00:00:00
2025-05-14 00:28:31,pendle-USD,0.2326,0.050414,0.05,2025-01-05 00:00:00,2025-05-19 00:00:00
2025-05-14 13:09:51,pendle-USD,0.2378,0.050995,0.05,2025-01-05 00:00:00,2025-05-19 00:00:00
2025-05-14 13:31:30,pendle-USD,0.2356,0.050757,0.05,2025-01-05 00:00:00,2025-05-19 00:00:00
2025-05-14 13:35:03,pendle-USD,0.2356,0.050757,0.05,2025-01-05 00:00:00,2025-05-19 00:00:00
2025-05-14 14:00:14,pendle-USD,0.2353,0.050724,0.05,2025-01-05 00:00:00,2025-05-19 00:00:00
2025-05-14 14:21:44,pendle-USD,0.2319,0.050321,0.05,2025-01-05 00:00:00,2025-05-19 00:00:00
2025-05-14 14:30:54,pendle-USD,0.2322,0.050355,0.05,2025-01-05 00:00:00,2025-05-19 00:00:00
2025-05-14 14:50:51,pendle-USD,0.2337,0.05054,0.05,2025-01-05 00:00:00,2025-05-19 00:00:00
2025-05-14 14:54:49,pendle-USD,0.2337,0.05054,0.05,2025-01-05 00:00:00,2025-05-19 00:00:00
2025-05-14 15:10:42,pendle-USD,0.2363,0.050839,0.05,2025-01-05 00:00:00,2025-05-19 00:00:00
2025-05-14 15:19:51,pendle-USD,0.236,0.050806,0.05,2025-01-05 00:00:00,2025-05-19 00:00:00
2025-05-14 15:27:03,pendle-USD,0.2375,0.050963,0.05,2025-01-05 00:00:00,2025-05-19 00:00:00
2025-05-14 15:27:23,pendle-USD,0.2378,0.051004,0.05,2025-01-05 00:00:00,2025-05-19 00:00:00
2025-05-14 15:28:06,pendle-USD,0.2378,0.051004,0.05,2025-01-05 00:00:00,2025-05-19 00:00:00
2025-05-14 15:28:56,pendle-USD,0.2378,0.051004,0.05,2025-01-05 00:00:00,2025-05-19 00:00:00
2025-05-14 15:31:39,pendle-USD,0.2371,0.05093,0.05,2025-01-05 00:00:00,2025-05-19 00:00:00
2025-05-14 15:56:47,pendle-USD,0.2377,0.050987,0.05,2025-01-05 00:00:00,2025-05-19 00:00:00
2025-05-14 19:06:59,pendle-USD,0.2434,0.051542,0.05,2025-01-05 00:00:00,2025-05-19 00:00:00
2025-05-14 19:12:15,pendle-USD,0.2419,0.051407,0.05,2025-01-05 00:00:00,2025-05-19 00:00:00
2025-05-14 20:11:43,pendle-USD,0.24,0.051222,0.05,2025-01-05 00:00:00,2025-05-19 00:00:00
2025-05-14 22:07:38,pendle-USD,0.261,0.053609,0.05,2025-01-06 00:00:00,2025-05-20 00:00:00
2025-05-14 22:08:12,pendle-USD,0.261,0.053609,0.05,2025-01-06 00:00:00,2025-05-20 00:00:00
2025-05-14 22:09:06,pendle-USD,0.261,0.053609,0.05,2025-01-06 00:00:00,2025-05-20 00:00:00
2025-05-14 22:09:07,pendle-USD,0.261,0.053609,0.05,2025-01-06 00:00:00,2025-05-20 00:00:00
2025-05-14 22:13:22,pendle-USD,0.2609,0.053601,0.05,2025-01-06 00:00:00,2025-05-20 00:00:00
2025-05-14 22:13:22,pendle-USD,0.2609,0.053601,0.05,2025-01-06 00:00:00,2025-05-20 00:00:00
2025-05-14 22:13:22,pendle-USD,0.2609,0.053601,0.05,2025-01-06 00:00:00,2025-05-20 00:00:00
2025-05-14 22:18:47,pendle-USD,0.2599,0.053497,0.05,2025-01-06 00:00:00,2025-05-20 00:00:00
2025-05-14 22:19:11,pendle-USD,0.2599,0.053497,0.05,2025-01-06 00:00:00,2025-05-20 00:00:00
2025-05-14 22:37:19,pendle-USD,0.257,0.053183,0.05,2025-01-06 00:00:00,2025-05-20 00:00:00
2025-05-14 22:37:21,pendle-USD,0.257,0.053183,0.05,2025-01-06 00:00:00,2025-05-20 00:00:00
2025-05-14 22:40:06,pendle-USD,0.257,0.053183,0.05,2025-01-06 00:00:00,2025-05-20 00:00:00
2025-05-14 22:40:06,pendle-USD,0.257,0.053183,0.05,2025-01-06 00:00:00,2025-05-20 00:00:00
2025-05-14 22:40:24,pendle-USD,0.257,0.053183,0.05,2025-01-06 00:00:00,2025-05-20 00:00:00
2025-05-14 22:43:49,pendle-USD,0.2547,0.052921,0.05,2025-01-06 00:00:00,2025-05-20 00:00:00
2025-05-14 22:43:49,pendle-USD,0.2547,0.052921,0.05,2025-01-06 00:00:00,2025-05-20 00:00:00
2025-05-14 22:50:00,pendle-USD,0,0.0,0.05,2025-05-13 17:15:00,2025-08-13 01:30:00
2025-05-14 23:02:23,pendle-USD,0,0,0.05,2025-05-13 17:30:00,2025-08-13 01:45:00
2025-05-14 23:11:30,pendle-USD,0,0,0.05,2025-05-13 17:45:00,2025-08-13 02:00:00
2025-05-14 23:37:29,pendle-USD,0,0,0.05,2025-05-13 18:15:00,2025-08-13 02:30:00
2025-05-14 23:44:06,pendle-USD,0,0,0.05,2025-05-13 18:15:00,2025-08-13 02:30:00
2025-05-15 00:24:21,RAY-USD,0.0455,0.010624,0.01,2025-05-13 19:00:00,2025-05-15 04:30:00
2025-05-15 00:24:36,AAVE-USD,2.3923,0.008583,0.01,2025-05-13 19:00:00,2025-05-15 04:30:00
2025-05-15 00:24:59,BTC-USD,291.1342,0.002467,0.01,2025-05-13 19:00:00,2025-05-15 04:30:00
2025-05-15 00:25:14,SOL-USD,2.5327,0.013304,0.01,2025-05-13 19:00:00,2025-05-15 04:30:00
2025-05-15 00:25:31,PENDLE-USD,0.0548,0.01008,0.01,2025-05-13 19:00:00,2025-05-15 04:30:00
2025-05-15 00:30:07,pendle-USD,0,0,0.05,2025-05-13 19:00:00,2025-08-13 03:15:00
2025-05-15 00:34:10,pendle-USD,0,0,0.05,2025-05-12 10:30:00,2025-07-02 03:00:00
2025-05-15 00:41:55,pendle-USD,0,0,0.05,2025-05-12 11:00:00,2025-07-02 03:30:00
2025-05-15 00:41:58,pendle-USD,0.2534,0.052755,0.05,2025-01-06 00:00:00,2025-05-20 00:00:00
2025-05-15 00:41:59,pendle-USD,0,0,0.05,2025-05-12 11:00:00,2025-07-02 03:30:00
2025-05-15 00:42:02,pendle-USD,0.2534,0.052755,0.05,2025-01-06 00:00:00,2025-05-20 00:00:00
2025-05-15 00:51:10,pendle-USD,0.2529,0.052688,0.05,2025-01-06 00:00:00,2025-05-20 00:00:00
2025-05-15 00:58:35,pendle-USD,0.2489,0.052127,0.05,2025-01-06 00:00:00,2025-05-20 00:00:00
2025-05-15 05:35:30,pendle-USD,0,0,0.05,2025-05-12 15:30:00,2025-07-02 08:00:00
2025-05-15 05:35:31,pendle-USD,0.2395,0.049616,0.05,2025-01-06 00:00:00,2025-05-20 00:00:00
2025-05-15 05:35:35,pendle-USD,0.2395,0.049616,0.05,2025-01-06 00:00:00,2025-05-20 00:00:00
2025-05-15 05:35:36,pendle-USD,0.8769,0.229262,0.05,2025-05-09 23:00:00,2025-06-08 08:00:00
2025-05-15 05:39:06,pendle-USD,0.8769,0.229262,0.05,2025-05-09 23:00:00,2025-06-08 08:00:00
2025-05-15 05:39:08,pendle-USD,0.2395,0.049616,0.05,2025-01-06 00:00:00,2025-05-20 00:00:00
2025-05-15 05:39:10,pendle-USD,0,0,0.05,2025-05-12 15:30:00,2025-07-02 08:00:00
2025-05-15 06:11:12,pendle-USD,0,0,0.05,2025-05-12 16:30:00,2025-07-02 09:00:00
2025-05-15 12:32:42,pendle-USD,0,0,0.05,2025-05-12 22:30:00,2025-07-02 15:00:00
2025-05-15 12:42:04,pendle-USD,0,0,0.05,2025-05-12 23:00:00,2025-07-02 15:30:00
2025-05-15 12:42:05,pendle-USD,0,0,0.05,2025-05-12 23:00:00,2025-07-02 15:30:00
2025-05-15 12:42:05,pendle-USD,0.2433,0.051049,0.05,2025-01-06 00:00:00,2025-05-20 00:00:00
2025-05-15 12:42:08,pendle-USD,0.2433,0.051049,0.05,2025-01-06 00:00:00,2025-05-20 00:00:00
2025-05-15 12:46:48,pendle-USD,0.2425,0.050836,0.05,2025-01-06 00:00:00,2025-05-20 00:00:00
2025-05-15 12:52:33,pendle-USD,0.2444,0.051304,0.05,2025-01-06 00:00:00,2025-05-20 00:00:00
2025-05-15 13:10:01,pendle-USD,0,0,0.05,2025-05-12 23:30:00,2025-07-02 16:00:00
2025-05-15 13:10:03,pendle-USD,0.246,0.051627,0.05,2025-01-06 00:00:00,2025-05-20 00:00:00
2025-05-15 13:10:06,pendle-USD,0.246,0.051627,0.05,2025-01-06 00:00:00,2025-05-20 00:00:00
2025-05-15 13:10:07,pendle-USD,0,0,0.05,2025-05-12 23:30:00,2025-07-02 16:00:00
2025-05-15 13:23:00,pendle-USD,0,0,0.05,2025-05-12 23:30:00,2025-07-02 16:00:00
2025-05-15 13:32:02,pendle-USD,0,0,0.05,2025-05-12 23:30:00,2025-07-02 16:00:00
2025-05-15 13:32:04,pendle-USD,0.2482,0.052005,0.05,2025-01-06 00:00:00,2025-05-20 00:00:00
2025-05-15 13:32:04,pendle-USD,0.6095,0.15955,0.05,2025-05-10 07:00:00,2025-06-08 16:00:00
2025-05-15 18:31:45,pendle-USD,0.2942,0.073794,0.05,2025-05-10 12:00:00,2025-06-08 21:00:00
2025-05-15 18:44:53,pendle-USD,0.244,0.051204,0.05,2025-01-06 00:00:00,2025-05-20 00:00:00
2025-05-15 18:44:53,pendle-USD,0.244,0.051204,0.05,2025-01-06 00:00:00,2025-05-20 00:00:00
2025-05-15 18:44:55,pendle-USD,0,0,0.05,2025-05-13 05:00:00,2025-07-02 21:30:00
2025-05-15 21:59:47,pendle-USD,0,0,0.05,2025-05-13 08:00:00,2025-07-03 00:30:00
2025-05-15 23:21:57,pendle-USD,0,0,0.05,2025-05-13 09:30:00,2025-07-03 02:00:00
2025-05-15 23:22:06,pendle-USD,0,0,0.05,2025-05-13 09:30:00,2025-07-03 02:00:00
2025-05-15 23:23:13,pendle-USD,0,0,0.05,2025-05-13 09:30:00,2025-07-03 02:00:00
2025-05-15 23:23:13,pendle-USD,0,0,0.05,2025-05-13 09:30:00,2025-07-03 02:00:00
2025-05-15 23:23:14,pendle-USD,0.2586,0.056156,0.05,2025-01-07 00:00:00,2025-05-21 00:00:00
2025-05-15 23:23:17,pendle-USD,0.1425,0.034558,0.05,2025-05-10 17:00:00,2025-06-09 02:00:00
2025-05-15 23:31:41,RAY-USD,0.1107,0.023999,0.01,2025-05-14 18:15:00,2025-05-16 03:45:00
2025-05-15 23:31:55,SOL-USD,1.7307,0.008911,0.01,2025-05-14 18:15:00,2025-05-16 03:45:00
2025-05-15 23:32:06,PENDLE-USD,0.0682,0.012653,0.01,2025-05-14 18:15:00,2025-05-16 03:45:00
2025-05-16 00:19:45,pendle-USD,0.0271,0.006385,0.05,2025-05-10 18:00:00,2025-06-09 03:00:00
2025-05-16 10:38:46,pendle-USD,0,0,0.05,2025-05-13 21:00:00,2025-07-03 13:30:00
2025-05-16 10:40:36,pendle-USD,0,0,0.05,2025-05-13 21:00:00,2025-07-03 13:30:00
2025-05-16 10:40:36,pendle-USD,0,0,0.05,2025-05-13 21:00:00,2025-07-03 13:30:00
2025-05-16 10:40:36,pendle-USD,0.2532,0.055258,0.05,2025-01-07 00:00:00,2025-05-21 00:00:00
2025-05-16 10:40:39,pendle-USD,0.7279,0.174398,0.05,2025-05-11 04:00:00,2025-06-09 13:00:00
2025-05-16 10:40:39,pendle-USD,0.2532,0.055258,0.05,2025-01-07 00:00:00,2025-05-21 00:00:00
2025-05-16 10:45:33,pendle-USD,0.7279,0.174398,0.05,2025-05-11 04:00:00,2025-06-09 13:00:00
2025-05-16 10:50:14,pendle-USD,0.7279,0.174398,0.05,2025-05-11 04:00:00,2025-06-09 13:00:00
2025-05-16 10:56:28,pendle-USD,0.7279,0.174398,0.05,2025-05-11 04:00:00,2025-06-09 13:00:00
2025-05-16 11:24:21,pendle-USD,0.686,0.166746,0.05,2025-05-11 05:00:00,2025-06-09 14:00:00
2025-05-16 11:45:07,pendle-USD,0.686,0.166746,0.05,2025-05-11 05:00:00,2025-06-09 14:00:00
2025-05-16 11:52:41,pendle-USD,0.686,0.166746,0.05,2025-05-11 05:00:00,2025-06-09 14:00:00
2025-05-16 11:52:42,pendle-USD,0,0,0.05,2025-05-15 06:30:00,2025-08-14 14:45:00
2025-05-16 13:53:52,pendle-USD,0,0,0.05,2025-05-15 08:30:00,2025-08-14 16:45:00
2025-05-16 13:53:54,pendle-USD,0,0,0.05,2025-05-14 00:00:00,2025-07-03 16:30:00
2025-05-16 13:53:56,pendle-USD,0,0,0.05,2025-05-14 00:00:00,2025-07-03 16:30:00
2025-05-16 13:53:56,pendle-USD,0.2516,0.054925,0.05,2025-01-07 00:00:00,2025-05-21 00:00:00
2025-05-16 13:55:39,pendle-USD,0,0,0.05,2025-05-14 00:00:00,2025-07-03 16:30:00
2025-05-16 13:55:39,pendle-USD,0,0,0.05,2025-05-14 00:00:00,2025-07-03 16:30:00
2025-05-16 13:55:40,pendle-USD,0.2516,0.054925,0.05,2025-01-07 00:00:00,2025-05-21 00:00:00
2025-05-16 13:55:41,pendle-USD,0,0,0.05,2025-05-15 08:30:00,2025-08-14 16:45:00
2025-05-16 13:55:42,pendle-USD,0.7304,0.180267,0.05,2025-05-11 07:00:00,2025-06-09 16:00:00
2025-05-16 14:48:02,pendle-USD,0.7355,0.178254,0.05,2025-05-11 08:00:00,2025-06-09 17:00:00
2025-05-16 14:48:02,pendle-USD,0,0,0.05,2025-05-14 01:00:00,2025-07-03 17:30:00
2025-05-16 14:48:03,pendle-USD,0,0,0.05,2025-05-14 01:00:00,2025-07-03 17:30:00
2025-05-16 14:52:58,sol-USD,0,0,0.05,2025-05-14 01:00:00,2025-07-03 17:30:00
2025-05-16 14:55:03,pendle-USD,0,0,0.05,2025-05-14 01:00:00,2025-07-03 17:30:00
2025-05-16 17:42:40,pendle-USD,0,0,0.05,2025-05-14 04:00:00,2025-07-03 20:30:00
2025-05-16 17:42:40,pendle-USD,0,0,0.05,2025-05-14 04:00:00,2025-07-03 20:30:00
2025-05-16 17:42:42,pendle-USD,0,0,0.05,2025-05-14 04:00:00,2025-07-03 20:30:00
2025-05-16 17:42:43,pendle-USD,0.25,0.054531,0.05,2025-01-07 00:00:00,2025-05-21 00:00:00
2025-05-16 18:08:02,pendle-USD,0,0,0.05,2025-05-14 04:30:00,2025-07-03 21:00:00
2025-05-16 18:10:45,pendle-USD,0,0,0.05,2025-05-14 04:30:00,2025-07-03 21:00:00
2025-05-16 21:15:37,pendle-USD,0,0,0.05,2025-05-14 07:30:00,2025-07-04 00:00:00
2025-05-16 23:31:54,pendle-USD,0,0,0.05,2025-05-14 09:30:00,2025-07-04 02:00:00
2025-05-17 01:02:27,pendle-USD,0,0,0.05,2025-05-14 11:30:00,2025-07-04 04:00:00
2025-05-17 11:33:23,pendle-USD,0,0,0.05,2025-05-14 22:00:00,2025-07-04 14:30:00
2025-05-17 14:30:03,pendle-USD,0,0,0.05,2025-05-15 00:30:00,2025-07-04 17:00:00
2025-05-17 21:41:14,pendle-USD,0,0,0.05,2025-05-15 08:00:00,2025-07-05 00:30:00
2025-05-17 22:27:42,pendle-USD,0,0,0.05,2025-05-15 08:30:00,2025-07-05 01:00:00
2025-05-17 22:27:42,pendle-USD,0,0,0.05,2025-05-15 08:30:00,2025-07-05 01:00:00
2025-05-17 22:27:45,pendle-USD,0.2676,0.05769,0.05,2025-01-09 00:00:00,2025-05-23 00:00:00
2025-05-17 22:27:46,pendle-USD,0.2144,0.054926,0.05,2025-05-12 16:00:00,2025-06-11 01:00:00
2025-05-18 07:18:40,pendle-USD,0.3622,0.090607,0.05,2025-05-13 01:00:00,2025-06-11 10:00:00
2025-05-18 07:18:40,pendle-USD,0,0,0.05,2025-05-15 17:30:00,2025-07-05 10:00:00
2025-05-18 07:18:41,pendle-USD,0,0,0.05,2025-05-15 17:30:00,2025-07-05 10:00:00
2025-05-18 11:44:25,pendle-USD,0,0,0.05,2025-05-15 22:00:00,2025-07-05 14:30:00
2025-05-18 11:45:10,pendle-USD,0,0,0.05,2025-05-15 22:00:00,2025-07-05 14:30:00
2025-05-18 20:03:32,pendle-USD,0,0,0.05,2025-05-16 06:30:00,2025-07-05 23:00:00
2025-05-18 22:20:46,pendle-USD,0,0,0.05,2025-05-16 08:30:00,2025-07-06 01:00:00
2025-05-19 00:23:12,pendle-USD,0,0,0.05,2025-05-16 10:30:00,2025-07-06 03:00:00
2025-05-19 12:04:22,pendle-USD,0.1539,0.039887,0.05,2025-05-14 05:00:00,2025-06-12 14:00:00
2025-05-19 12:10:33,pendle-USD,0,0,0.05,2025-05-16 22:30:00,2025-07-06 15:00:00
2025-05-19 21:13:47,pendle-USD,0.2753,0.058118,0.05,2025-01-11 00:00:00,2025-05-25 00:00:00
2025-05-19 21:14:45,pendle-USD,0,0,0.05,2025-05-17 07:30:00,2025-07-07 00:00:00
2025-05-19 21:14:46,pendle-USD,0,0,0.05,2025-05-17 07:30:00,2025-07-07 00:00:00
2025-05-19 21:16:22,pendle-USD,0,0,0.05,2025-05-17 07:30:00,2025-07-07 00:00:00
2025-05-19 21:16:22,pendle-USD,0,0,0.05,2025-05-17 07:30:00,2025-07-07 00:00:00
2025-05-19 21:16:24,pendle-USD,0.1463,0.036022,0.05,2025-05-14 15:00:00,2025-06-13 00:00:00
2025-05-19 21:16:26,pendle-USD,0.2753,0.058118,0.05,2025-01-11 00:00:00,2025-05-25 00:00:00
2025-05-19 21:21:34,pendle-USD,0,0,0.05,2025-05-18 16:00:00,2025-08-18 00:15:00
2025-05-19 21:40:24,pendle-USD,0,0,0.05,2025-05-18 16:15:00,2025-08-18 00:30:00
2025-05-19 21:40:28,pendle-USD,0,0,0.05,2025-05-18 16:15:00,2025-08-18 00:30:00
2025-05-19 22:46:40,pendle-USD,0,0,0.05,2025-05-17 09:00:00,2025-07-07 01:30:00
2025-05-19 23:03:08,btc-USD,1840.1544,0.017399,0.05,2025-05-14 17:00:00,2025-06-13 02:00:00
2025-05-19 23:05:45,pendle-USD,0.1027,0.024595,0.05,2025-05-14 17:00:00,2025-06-13 02:00:00
2025-05-21 13:50:16,pendle-USD,0.3809,0.084582,0.05,2025-05-16 07:00:00,2025-06-14 16:00:00
2025-05-21 14:18:25,pendle-USD,0.4261,0.095737,0.05,2025-05-16 08:00:00,2025-06-14 17:00:00
2025-05-21 14:18:28,pendle-USD,0.4261,0.095737,0.05,2025-05-16 08:00:00,2025-06-14 17:00:00
2025-05-21 14:18:29,pendle-USD,0,0,0.05,2025-05-19 00:30:00,2025-07-08 17:00:00
2025-05-21 14:18:29,pendle-USD,0,0,0.05,2025-05-19 00:30:00,2025-07-08 17:00:00
2025-05-21 17:05:41,pendle-USD,0,0,0.05,2025-05-19 03:30:00,2025-07-08 20:00:00
2025-05-22 01:34:07,pendle-USD,0,0,0.05,2025-05-19 11:30:00,2025-07-09 04:00:00
2025-05-22 01:38:07,pendle-USD,0,0,0.05,2025-05-19 11:30:00,2025-07-09 04:00:00
2025-05-22 01:38:09,pendle-USD,0,0,0.05,2025-05-19 11:30:00,2025-07-09 04:00:00
2025-05-22 01:38:13,pendle-USD,0.309,0.062309,0.05,2025-01-13 00:00:00,2025-05-27 00:00:00
2025-05-23 09:41:21,btc-USD,4031.6295,0.036305,0.05,2025-05-18 03:00:00,2025-06-16 12:00:00
2025-05-23 09:41:23,btc-USD,0,0,0.05,2025-05-20 20:00:00,2025-07-10 12:30:00
2025-05-23 09:43:20,pendle-USD,0,0,0.05,2025-05-20 20:00:00,2025-07-10 12:30:00
2025-05-23 09:43:50,pendle-USD,0,0,0.05,2025-05-20 20:00:00,2025-07-10 12:30:00
2025-05-23 21:50:11,pendle-USD,0,0,0.05,2025-05-21 08:00:00,2025-07-11 00:30:00
2025-05-23 21:52:04,pendle-USD,0,0,0.05,2025-05-21 08:00:00,2025-07-11 00:30:00
2025-05-23 21:52:05,pendle-USD,0,0,0.05,2025-05-21 08:00:00,2025-07-11 00:30:00
2025-05-23 21:52:06,pendle-USD,0,0,0.05,2025-05-21 08:00:00,2025-07-11 00:30:00
2025-05-23 21:52:08,pendle-USD,0.3268,0.067452,0.05,2025-01-15 00:00:00,2025-05-29 00:00:00
2025-05-23 21:57:12,pendle-USD,0.4891,0.113448,0.05,2025-05-18 15:00:00,2025-06-17 00:00:00
2025-05-23 21:58:47,pendle-USD,0.4891,0.113448,0.05,2025-05-18 15:00:00,2025-06-17 00:00:00
2025-05-23 21:58:47,pendle-USD,0,0,0.05,2025-05-21 08:00:00,2025-07-11 00:30:00
2025-05-23 21:58:50,pendle-USD,0,0,0.05,2025-05-21 08:00:00,2025-07-11 00:30:00
2025-05-23 21:58:50,pendle-USD,0.3259,0.06718,0.05,2025-01-15 00:00:00,2025-05-29 00:00:00
2025-05-23 22:05:04,pendle-USD,0,0,0.05,2025-05-21 08:30:00,2025-07-11 01:00:00
2025-05-23 23:36:19,pendle-USD,0,0,0.05,2025-05-21 10:00:00,2025-07-11 02:30:00
2025-05-23 23:47:13,pendle-USD,0,0,0.05,2025-05-21 10:00:00,2025-07-11 02:30:00
2025-05-23 23:47:13,pendle-USD,0,0,0.05,2025-05-21 10:00:00,2025-07-11 02:30:00
2025-05-23 23:47:15,pendle-USD,0.3269,0.067494,0.05,2025-01-15 00:00:00,2025-05-29 00:00:00
2025-05-23 23:47:19,pendle-USD,0,0,0.05,2025-05-21 10:00:00,2025-07-11 02:30:00
2025-05-23 23:47:21,pendle-USD,0.6058,0.142535,0.05,2025-05-18 17:00:00,2025-06-17 02:00:00
2025-05-24 23:54:28,pendle-USD,0.2733,0.063239,0.05,2025-05-19 17:00:00,2025-06-18 02:00:00
2025-05-24 23:58:50,pendle-USD,0.2733,0.063239,0.05,2025-05-19 17:00:00,2025-06-18 02:00:00
2025-05-24 23:58:56,btc-USD,3035.0427,0.028236,0.05,2025-05-19 17:00:00,2025-06-18 02:00:00
2025-05-25 00:35:19,pendle-USD,0.2706,0.062631,0.05,2025-05-19 18:00:00,2025-06-18 03:00:00
2025-05-25 00:35:20,pendle-USD,0,0,0.05,2025-05-22 11:00:00,2025-07-12 03:30:00
2025-05-25 00:35:25,pendle-USD,0,0,0.05,2025-05-22 11:00:00,2025-07-12 03:30:00
2025-05-25 00:35:26,pendle-USD,0.3577,0.075129,0.05,2025-01-16 00:00:00,2025-05-30 00:00:00
2025-05-25 12:20:55,pendle-USD,0,0,0.05,2025-05-22 22:30:00,2025-07-12 15:00:00
2025-05-25 12:35:49,pendle-USD,0,0,0.05,2025-05-22 23:00:00,2025-07-12 15:30:00
2025-05-25 21:01:48,pendle-USD,0,0,0.05,2025-05-23 07:00:00,2025-07-12 23:30:00
2025-05-25 21:12:09,pendle-USD,0,0,0.05,2025-05-23 07:30:00,2025-07-13 00:00:00
2025-05-25 21:41:48,pendle-USD,0,0,0.15,2025-05-23 08:00:00,2025-07-13 00:30:00
2025-05-25 22:03:06,pendle-USD,0,0,0.15,2025-05-23 08:00:00,2025-07-13 00:30:00
2025-05-25 22:36:14,pendle-USD,0,0,0.15,2025-05-23 09:00:00,2025-07-13 01:30:00
2025-05-25 22:36:15,pendle-USD,0,0,0.15,2025-05-23 09:00:00,2025-07-13 01:30:00
2025-05-25 22:36:16,pendle-USD,0.325,0.070013,0.15,2025-01-17 00:00:00,2025-05-31 00:00:00
2025-05-25 22:36:18,pendle-USD,0.325,0.070013,0.15,2025-01-17 00:00:00,2025-05-31 00:00:00
2025-05-25 22:39:09,pendle-USD,0,0,0.15,2025-05-23 09:00:00,2025-07-13 01:30:00
2025-05-25 22:39:10,pendle-USD,0.3263,0.070209,0.15,2025-01-17 00:00:00,2025-05-31 00:00:00
2025-05-25 22:39:10,pendle-USD,0,0,0.15,2025-05-23 09:00:00,2025-07-13 01:30:00
2025-05-26 15:08:17,pendle-USD,0,0,0.15,2025-05-24 01:30:00,2025-07-13 18:00:00
2025-05-26 17:41:01,pendle-USD,0,0,0.15,2025-05-24 04:00:00,2025-07-13 20:30:00
2025-05-27 00:11:11,pendle-USD,0,0,0.15,2025-05-24 10:30:00,2025-07-14 03:00:00
2025-05-28 15:47:48,pendle-USD,0,0,0.15,2025-05-26 02:00:00,2025-07-15 18:30:00
2025-05-28 15:48:17,pendle-USD,0,0,0.15,2025-05-26 02:00:00,2025-07-15 18:30:00
2025-05-28 15:52:08,pendle-USD,0,0,0.15,2025-05-26 02:00:00,2025-07-15 18:30:00
2025-05-28 15:53:07,pendle-USD,0,0,0.15,2025-05-26 02:00:00,2025-07-15 18:30:00
2025-05-28 15:53:30,pendle-USD,0,0,0.15,2025-05-26 02:00:00,2025-07-15 18:30:00
2025-05-28 16:05:22,pendle-USD,0,0,0.15,2025-05-26 02:30:00,2025-07-15 19:00:00
2025-05-28 20:28:36,pendle-USD,0,0,0.15,2025-05-26 06:30:00,2025-07-15 23:00:00
2025-05-28 20:42:38,RAY-USD,0.0671,0.018999,0.01,2025-05-27 15:00:00,2025-05-29 00:30:00
2025-05-28 20:42:58,SOL-USD,3.2486,0.016105,0.01,2025-05-27 15:15:00,2025-05-29 00:45:00
2025-05-28 20:43:16,PENDLE-USD,0.0436,0.008831,0.01,2025-05-27 15:00:00,2025-05-29 00:30:00
2025-05-28 20:43:44,pendle-USD,0,0,0.15,2025-05-26 06:30:00,2025-07-15 23:00:00
2025-05-28 20:45:03,pendle-USD,0,0,0.15,2025-05-26 06:30:00,2025-07-15 23:00:00
2025-05-28 21:00:08,pendle-USD,0,0,0.15,2025-05-26 07:00:00,2025-07-15 23:30:00
2025-05-28 21:31:57,pendle-USD,0,0,0.15,2025-05-26 07:30:00,2025-07-16 00:00:00
2025-05-28 21:59:49,pendle-USD,0,0,0.15,2025-05-26 08:00:00,2025-07-16 00:30:00
2025-05-28 22:44:17,pendle-USD,0,0,0.15,2025-05-26 09:00:00,2025-07-16 01:30:00
2025-05-28 23:36:40,pendle-USD,0,0,0.15,2025-05-26 10:00:00,2025-07-16 02:30:00
2025-05-29 00:26:09,pendle-USD,0,0,0.15,2025-05-26 10:30:00,2025-07-16 03:00:00
2025-05-30 14:50:28,RAY-USD,0.0409,0.013932,0.1,2025-05-29 09:30:00,2025-05-30 19:00:00
2025-05-30 14:50:42,SOL-USD,1.4714,0.006698,0.1,2025-05-28 15:15:00,2025-05-30 19:00:00
2025-05-30 14:50:56,PENDLE-USD,0.0386,0.007222,0.2,2025-05-29 09:15:00,2025-05-30 18:45:00
2025-05-30 14:51:28,pendle-USD,0.0384,0.007217,0.15,2025-05-30 17:45:00,2025-05-31 16:00:00
2025-05-30 15:12:52,pendle-USD,0.0492,0.008582,0.15,2025-05-30 18:00:00,2025-05-31 16:15:00
2025-05-30 15:18:31,pendle-USD,0.2294,0.051429,0.15,2025-05-30 18:30:00,2025-05-31 18:00:00
2025-05-30 15:25:54,pendle-USD,0.2294,0.051429,0.15,2025-05-30 18:30:00,2025-05-31 18:00:00
2025-05-30 15:31:57,pendle-USD,0.2279,0.051139,0.15,2025-05-30 18:30:00,2025-05-31 18:00:00
2025-05-30 15:49:04,pendle-USD,0.1951,0.045245,0.15,2025-05-30 19:00:00,2025-05-31 18:30:00
2025-05-30 15:54:22,pendle-USD,0.0471,0.008046,0.15,2025-05-30 19:00:00,2025-05-31 17:15:00
2025-05-30 15:59:02,pendle-USD,0.0471,0.008046,0.15,2025-05-30 19:00:00,2025-05-31 17:15:00
2025-05-30 16:00:19,pendle-USD,0.1951,0.045245,0.15,2025-05-30 19:00:00,2025-05-31 18:30:00
2025-05-30 17:39:25,pendle-USD,0.1185,0.02373,0.15,2025-05-30 21:00:00,2025-05-31 20:30:00
2025-05-30 18:34:07,pendle-USD,0.1427,0.02813,0.15,2025-05-30 21:30:00,2025-05-31 21:00:00
2025-05-30 21:38:59,pendle-USD,0.1097,0.024072,0.15,2025-05-31 01:00:00,2025-06-01 00:30:00
2025-05-30 21:53:15,pendle-USD,0.1105,0.024331,0.15,2025-05-31 01:00:00,2025-06-01 00:30:00
2025-05-30 21:55:57,pendle-USD,0.1095,0.024004,0.15,2025-05-31 01:00:00,2025-06-01 00:30:00
2025-05-30 21:55:58,pendle-USD,0.1095,0.024004,0.15,2025-05-31 01:00:00,2025-06-01 00:30:00
2025-05-30 21:56:00,pendle-USD,0.1503,0.034417,0.15,2025-05-31 01:00:00,2025-06-01 00:00:00
2025-05-30 21:56:37,pendle-USD,0.1503,0.034417,0.15,2025-05-31 01:00:00,2025-06-01 00:00:00
2025-05-30 21:56:37,pendle-USD,0.1095,0.024004,0.15,2025-05-31 01:00:00,2025-06-01 00:30:00
2025-05-30 21:56:39,pendle-USD,0.1272,0.031347,0.15,2025-05-31 01:00:00,2025-05-31 23:15:00
2025-05-30 21:57:05,pendle-USD,0.1272,0.031347,0.15,2025-05-31 01:00:00,2025-05-31 23:15:00
2025-05-30 21:57:05,pendle-USD,0.1095,0.024004,0.15,2025-05-31 01:00:00,2025-06-01 00:30:00
2025-05-30 21:57:07,pendle-USD,0.1503,0.034417,0.15,2025-05-31 01:00:00,2025-06-01 00:00:00
2025-05-30 21:57:41,pendle-USD,0.1095,0.024004,0.15,2025-05-31 01:00:00,2025-06-01 00:30:00
2025-05-30 21:58:24,pendle-USD,0.1095,0.024004,0.15,2025-05-31 01:00:00,2025-06-01 00:30:00
2025-05-30 21:58:26,pendle-USD,0.1503,0.034417,0.15,2025-05-31 01:00:00,2025-06-01 00:00:00
2025-05-30 22:11:41,pendle-USD,0.106,0.023595,0.15,2025-05-31 02:00:00,2025-06-01 01:00:00
2025-05-30 22:15:37,pendle-USD,0.106,0.023595,0.15,2025-05-31 02:00:00,2025-06-01 01:00:00
2025-05-30 22:15:37,pendle-USD,0.108,0.024507,0.15,2025-05-31 01:30:00,2025-06-01 01:00:00
2025-05-30 22:15:39,pendle-USD,0.108,0.024507,0.15,2025-05-31 01:30:00,2025-06-01 01:00:00
2025-05-31 00:49:22,pendle-USD,0.1477,0.03044,0.15,2025-05-31 04:00:00,2025-06-01 03:30:00
2025-05-31 07:07:28,pendle-USD,0.1454,0.033634,0.15,2025-05-31 10:00:00,2025-06-01 09:30:00
2025-05-31 07:19:41,RAY-USD,0.1035,0.039608,0.2,2025-05-30 02:00:00,2025-05-31 11:30:00
2025-05-31 07:19:52,SOL-USD,5.1474,0.031694,0.2,2025-05-30 02:00:00,2025-05-31 11:30:00
2025-05-31 07:20:06,PENDLE-USD,0.1911,0.045545,0.2,2025-05-30 01:45:00,2025-05-31 11:15:00
2025-05-31 07:20:54,pendle-USD,0.172,0.041168,0.15,2025-05-31 10:30:00,2025-06-01 10:00:00
2025-05-31 07:21:11,pendle-USD,0.172,0.041168,0.15,2025-05-31 10:30:00,2025-06-01 10:00:00
2025-05-31 07:21:26,pendle-USD,0.172,0.041168,0.15,2025-05-31 10:30:00,2025-06-01 10:00:00
2025-05-31 07:22:25,pendle-USD,0.1871,0.044485,0.15,2025-05-31 10:30:00,2025-06-01 08:45:00
2025-05-31 07:28:33,pendle-USD,0.1711,0.040741,0.15,2025-05-31 10:30:00,2025-06-01 10:00:00
2025-05-31 12:47:21,pendle-USD,0.4138,0.087681,0.15,2025-05-31 16:00:00,2025-06-01 15:30:00
2025-05-31 13:04:22,pendle-USD,0.0717,0.013499,0.15,2025-05-31 16:15:00,2025-06-01 14:30:00
2025-05-31 22:01:25,pendle-USD,0.0535,0.012153,0.15,2025-06-01 01:00:00,2025-06-01 23:15:00
2025-05-31 22:03:14,pendle-USD,0.1102,0.02491,0.15,2025-06-01 01:00:00,2025-06-02 00:30:00
2025-05-31 22:46:37,pendle-USD,0.085,0.019078,0.15,2025-06-01 02:00:00,2025-06-02 01:30:00
2025-05-31 22:46:49,pendle-USD,0.085,0.019078,0.15,2025-06-01 02:00:00,2025-06-02 01:30:00
2025-06-01 13:03:10,pendle-USD,0.0385,0.00843,0.15,2025-06-01 16:00:00,2025-06-02 15:30:00
2025-06-01 13:13:57,pendle-USD,0.0588,0.012923,0.15,2025-06-01 16:15:00,2025-06-02 14:30:00
2025-06-01 16:50:37,pendle-USD,0.2304,0.050472,0.15,2025-06-01 19:45:00,2025-06-02 18:00:00
2025-06-01 21:48:38,pendle-USD,0.1931,0.043249,0.15,2025-06-02 01:00:00,2025-06-02 23:15:00
2025-06-01 22:44:17,pendle-USD,0.2661,0.059466,0.15,2025-06-02 02:00:00,2025-06-03 01:30:00
2025-06-01 23:00:35,pendle-USD,0.2656,0.05938,0.15,2025-06-02 02:00:00,2025-06-03 01:30:00
2025-06-01 23:28:51,pendle-USD,0.142,0.030697,0.15,2025-06-02 02:30:00,2025-06-03 00:45:00
2025-06-02 14:00:12,pendle-USD,0.1204,0.023946,0.15,2025-06-02 17:00:00,2025-06-03 15:15:00
2025-06-02 14:02:15,pendle-USD,0.1204,0.023946,0.15,2025-06-02 17:00:00,2025-06-03 15:15:00
2025-06-02 14:22:48,pendle-USD,0.1393,0.028467,0.15,2025-06-02 17:15:00,2025-06-03 15:30:00
2025-06-02 14:25:59,pendle-USD,0.0733,0.013884,0.15,2025-06-02 17:30:00,2025-06-03 17:00:00
2025-06-02 15:17:46,pendle-USD,0.4071,0.085526,0.15,2025-06-02 18:30:00,2025-06-03 18:00:00
2025-06-02 15:57:23,RAY-USD,0.0974,0.037437,0.1,2025-06-01 10:30:00,2025-06-02 20:00:00
2025-06-02 15:57:37,SOL-USD,1.4543,0.007655,0.01,2025-06-01 10:30:00,2025-06-02 20:00:00
2025-06-02 15:58:18,PENDLE-USD,0.1671,0.038101,0.01,2025-06-01 10:15:00,2025-06-02 19:45:00
2025-06-02 16:01:39,pendle-USD,0.2044,0.047273,0.15,2025-06-02 19:00:00,2025-06-03 17:15:00
2025-06-02 16:26:09,pendle-USD,0.1902,0.044306,0.15,2025-06-02 19:15:00,2025-06-03 17:30:00
2025-06-02 19:12:01,pendle-USD,0.131,0.028912,0.15,2025-06-02 22:15:00,2025-06-03 20:30:00
2025-06-02 19:20:37,pendle-USD,0.1462,0.031802,0.15,2025-06-02 22:30:00,2025-06-03 22:00:00
2025-06-02 20:16:23,pendle-USD,0.2209,0.049008,0.15,2025-06-02 23:30:00,2025-06-03 23:00:00
2025-06-02 20:36:52,pendle-USD,0.2209,0.049008,0.15,2025-06-02 23:30:00,2025-06-03 23:00:00
2025-06-02 20:49:36,pendle-USD,0.1913,0.041349,0.15,2025-06-03 00:00:00,2025-06-03 23:30:00
2025-06-02 21:36:21,pendle-USD,0.22,0.047269,0.15,2025-06-03 01:00:00,2025-06-04 00:30:00
2025-06-02 22:19:10,pendle-USD,0.2323,0.048197,0.15,2025-06-03 01:30:00,2025-06-04 01:00:00
2025-06-02 22:29:00,pendle-USD,0.2315,0.048099,0.15,2025-06-03 01:30:00,2025-06-04 01:00:00
2025-06-03 00:05:27,pendle-USD,0.1264,0.022217,0.15,2025-06-03 03:00:00,2025-06-04 02:30:00
2025-06-03 00:34:36,RAY-USD,0.0325,0.01103,0.2,2025-06-01 19:15:00,2025-06-03 04:45:00
2025-06-03 00:34:46,SOL-USD,3.6968,0.020491,0.2,2025-06-01 19:15:00,2025-06-03 04:45:00
2025-06-03 00:35:05,PENDLE-USD,0.0733,0.015228,0.01,2025-06-01 19:00:00,2025-06-03 04:30:00
2025-06-03 00:36:24,pendle-USD,0.0767,0.014993,0.15,2025-06-03 03:30:00,2025-06-04 03:00:00
2025-06-03 00:38:40,pendle-USD,0.0767,0.014993,0.15,2025-06-03 03:30:00,2025-06-04 03:00:00
2025-06-03 00:52:19,pendle-USD,0.0767,0.016186,0.15,2025-06-03 04:00:00,2025-06-04 03:30:00
2025-06-03 14:00:23,pendle-USD,0.0689,0.014107,0.15,2025-06-03 17:00:00,2025-06-04 16:30:00
2025-06-03 14:02:40,RAY-USD,0.0209,0.006456,0.2,2025-06-02 08:45:00,2025-06-03 18:15:00
2025-06-03 14:02:51,SOL-USD,1.0287,0.005421,0.2,2025-06-02 08:45:00,2025-06-03 18:15:00
2025-06-03 14:03:02,PENDLE-USD,0.0403,0.007269,0.01,2025-06-02 08:30:00,2025-06-03 18:00:00
2025-06-03 14:03:29,pendle-USD,0.0689,0.014107,0.15,2025-06-03 17:00:00,2025-06-04 16:30:00
2025-06-05 17:38:42,pendle-USD,0.0692,0.012993,0.15,2025-06-05 21:00:00,2025-06-06 20:30:00
2025-06-05 17:44:15,RAY-USD,0.0419,0.016796,0.01,2025-06-04 12:15:00,2025-06-05 21:45:00
2025-06-05 17:44:24,SOL-USD,4.5096,0.026497,0.2,2025-06-04 12:15:00,2025-06-05 21:45:00
2025-06-05 17:44:33,PENDLE-USD,0.1649,0.037426,0.2,2025-06-04 12:15:00,2025-06-05 21:45:00
2025-06-05 17:45:00,pendle-USD,0.0698,0.013427,0.15,2025-06-05 21:00:00,2025-06-06 20:30:00
2025-06-05 18:21:13,BTC-USD,2611.3744,0.021968,0.2,2025-06-04 13:00:00,2025-06-05 22:30:00
2025-06-05 18:21:50,btc-USD,1344.331,0.010086,0.15,2025-06-05 21:30:00,2025-06-06 21:00:00
2025-06-05 18:24:58,pendle-USD,0.0852,0.017234,0.15,2025-06-05 21:30:00,2025-06-06 21:00:00
2025-06-05 18:45:43,pendle-USD,0.0667,0.012633,0.15,2025-06-05 22:00:00,2025-06-06 21:30:00
2025-06-06 23:57:53,BTC-USD,146.851,0.001153,0.01,2025-06-05 18:30:00,2025-06-07 04:00:00
2025-06-06 23:58:03,RAY-USD,0.0346,0.014027,0.1,2025-06-05 18:30:00,2025-06-07 04:00:00
2025-06-06 23:58:14,SOL-USD,1.3125,0.007834,0.2,2025-06-05 18:30:00,2025-06-07 04:00:00
2025-06-06 23:58:24,PENDLE-USD,0.0331,0.007867,0.01,2025-06-05 18:30:00,2025-06-07 04:00:00
2025-06-07 00:00:40,pendle-USD,0.1057,0.023846,0.15,2025-06-07 03:00:00,2025-06-08 02:30:00
2025-06-07 00:02:34,pendle-USD,0.1125,0.027208,0.15,2025-06-07 03:00:00,2025-06-08 01:15:00
2025-06-07 00:02:48,pendle-USD,0.1125,0.027208,0.15,2025-06-07 03:00:00,2025-06-08 01:15:00
2025-06-08 23:49:11,pendle-USD,0.1149,0.025365,0.15,2025-06-09 02:45:00,2025-06-10 01:00:00
2025-06-08 23:53:57,BTC-USD,829.2368,0.007009,0.2,2025-06-07 18:30:00,2025-06-09 04:00:00
2025-06-08 23:54:13,RAY-USD,0.13,0.050491,0.2,2025-06-07 18:30:00,2025-06-09 04:00:00
2025-06-08 23:56:19,pendle-USD,0.1149,0.025365,0.15,2025-06-09 02:45:00,2025-06-10 01:00:00
2025-06-11 22:25:47,BTC-USD,333.1236,0.002452,0.01,2025-06-10 17:00:00,2025-06-12 02:30:00
2025-06-11 22:25:57,RAY-USD,0.0799,0.03226,0.2,2025-06-10 17:00:00,2025-06-12 02:30:00
2025-06-11 22:26:08,SOL-USD,1.662,0.008954,0.05,2025-06-10 17:00:00,2025-06-12 02:30:00
2025-06-11 22:26:19,PENDLE-USD,0.1105,0.026981,0.1,2025-06-10 17:00:00,2025-06-12 02:30:00
2025-06-11 22:28:28,pendle-USD,0.1061,0.025865,0.15,2025-06-12 01:30:00,2025-06-12 23:45:00
2025-06-11 22:32:50,pendle-USD,0.1061,0.025865,0.15,2025-06-12 01:30:00,2025-06-12 23:45:00
2025-06-12 15:01:54,pendle-USD,0.1748,0.039079,0.15,2025-06-12 18:00:00,2025-06-13 16:15:00
2025-06-12 15:39:39,pendle-USD,0.2052,0.048609,0.15,2025-06-12 18:45:00,2025-06-13 17:00:00
2025-06-12 17:25:50,pendle-USD,0.0727,0.01601,0.15,2025-06-12 20:30:00,2025-06-13 18:45:00
2025-06-12 17:26:32,pendle-USD,0.2247,0.043741,0.15,2025-06-12 20:30:00,2025-06-13 20:00:00
2025-06-12 17:28:47,pendle-USD,0.2247,0.043741,0.15,2025-06-12 20:30:00,2025-06-13 20:00:00
2025-06-12 22:14:54,BTC-USD,3181.2989,0.026444,0.2,2025-06-11 16:45:00,2025-06-13 02:15:00
2025-06-12 22:15:04,RAY-USD,0.1601,0.063652,0.2,2025-06-11 16:45:00,2025-06-13 02:15:00
2025-06-12 22:15:20,SOL-USD,7.0288,0.040152,0.2,2025-06-11 16:45:00,2025-06-13 02:15:00
2025-06-12 22:15:33,PENDLE-USD,0.2216,0.050936,0.2,2025-06-11 16:45:00,2025-06-13 02:15:00
2025-06-12 22:19:17,pendle-USD,0.1975,0.046434,0.15,2025-06-13 01:30:00,2025-06-14 01:00:00
2025-06-12 22:27:15,pendle-USD,0.2272,0.051264,0.15,2025-06-13 01:30:00,2025-06-13 23:45:00
2025-06-12 23:53:30,pendle-USD,0.196,0.040503,0.15,2025-06-13 03:00:00,2025-06-14 01:15:00
2025-06-13 08:43:07,pendle-USD,0.4267,0.105536,0.15,2025-06-13 11:45:00,2025-06-14 10:00:00
2025-06-13 08:45:41,BTC-USD,1013.8915,0.0088,0.1,2025-06-12 03:15:00,2025-06-13 12:45:00
2025-06-13 08:45:52,RAY-USD,0.0714,0.030446,0.2,2025-06-12 03:15:00,2025-06-13 12:45:00
2025-06-13 08:46:08,SOL-USD,6.4033,0.041189,0.2,2025-06-12 03:15:00,2025-06-13 12:45:00
2025-06-13 08:46:19,PENDLE-USD,0.4119,0.10179,0.2,2025-06-12 03:15:00,2025-06-13 12:45:00
2025-06-13 15:27:40,BTC-USD,477.0191,0.003589,0.01,2025-06-12 10:00:00,2025-06-13 19:30:00
2025-06-13 15:27:55,RAY-USD,0.0339,0.012707,0.05,2025-06-12 10:00:00,2025-06-13 19:30:00
2025-06-13 15:28:14,SOL-USD,1.0999,0.005842,0.01,2025-06-12 10:00:00,2025-06-13 19:30:00
2025-06-13 15:28:28,PENDLE-USD,0.2213,0.052807,0.1,2025-06-12 10:00:00,2025-06-13 19:30:00
2025-06-13 15:31:04,pendle-USD,0.1504,0.035405,0.15,2025-06-13 18:30:00,2025-06-14 18:00:00
2025-06-13 15:32:03,pendle-USD,0.2299,0.054892,0.15,2025-06-13 18:30:00,2025-06-14 16:45:00
2025-06-13 15:34:00,pendle-USD,0.1504,0.035405,0.15,2025-06-13 18:30:00,2025-06-14 18:00:00
2025-06-13 15:50:19,pendle-USD,0.125,0.02919,0.15,2025-06-13 19:00:00,2025-06-14 18:30:00
2025-06-13 19:56:26,pendle-USD,0.125,0.028009,0.15,2025-06-13 23:00:00,2025-06-14 22:30:00
2025-06-14 18:20:55,btc-USD,479.9261,0.003589,0.15,2025-06-14 21:30:00,2025-06-15 21:00:00
2025-06-14 18:25:40,BTC-USD,219.5721,0.001731,0.01,2025-06-13 13:00:00,2025-06-14 22:30:00
2025-06-14 18:25:48,RAY-USD,0.023,0.01032,0.01,2025-06-13 13:00:00,2025-06-14 22:30:00
2025-06-14 18:25:57,SOL-USD,0.8867,0.005072,0.01,2025-06-13 13:00:00,2025-06-14 22:30:00
2025-06-14 18:26:05,PENDLE-USD,0.0246,0.005587,0.01,2025-06-13 13:00:00,2025-06-14 22:30:00
2025-06-14 18:27:02,btc-USD,480.4475,0.003627,0.15,2025-06-14 21:30:00,2025-06-15 21:00:00
2025-06-14 18:28:04,pendle-USD,0.0469,0.010167,0.15,2025-06-14 21:30:00,2025-06-15 21:00:00
2025-06-14 18:28:27,pendle-USD,0.0469,0.010157,0.15,2025-06-14 21:30:00,2025-06-15 21:00:00
2025-06-15 18:49:45,BTC-USD,996.7469,0.007623,0.2,2025-06-14 13:30:00,2025-06-15 23:00:00
2025-06-15 18:49:54,RAY-USD,0.0361,0.012956,0.01,2025-06-14 13:30:00,2025-06-15 23:00:00
2025-06-15 18:50:04,SOL-USD,4.7438,0.024364,0.2,2025-06-14 13:30:00,2025-06-15 23:00:00
2025-06-15 18:50:14,PENDLE-USD,0.0703,0.014837,0.2,2025-06-14 13:15:00,2025-06-15 22:45:00
2025-06-15 18:50:37,pendle-USD,0.14,0.033282,0.15,2025-06-15 22:00:00,2025-06-16 21:30:00
2025-06-15 22:18:25,pendle-USD,0.1109,0.028995,0.15,2025-06-16 01:30:00,2025-06-17 01:00:00
2025-06-16 17:29:11,pendle-USD,0.0938,0.020701,0.15,2025-06-16 20:30:00,2025-06-17 20:00:00
2025-06-16 17:32:36,BTC-USD,1546.7751,0.01337,0.2,2025-06-15 12:15:00,2025-06-16 21:45:00
2025-06-16 17:32:45,RAY-USD,0.0582,0.024117,0.2,2025-06-15 12:15:00,2025-06-16 21:45:00
2025-06-16 17:32:56,SOL-USD,2.7967,0.017013,0.05,2025-06-15 12:15:00,2025-06-16 21:45:00
2025-06-16 17:33:08,PENDLE-USD,0.1462,0.03467,0.2,2025-06-15 12:00:00,2025-06-16 21:30:00
2025-06-16 17:33:37,pendle-USD,0.0938,0.020701,0.15,2025-06-16 20:30:00,2025-06-17 20:00:00
2025-06-16 19:42:37,pendle-USD,0.24,0.05016,0.15,2025-06-16 23:00:00,2025-06-17 22:30:00
2025-06-16 19:42:40,pendle-USD,0.107,0.02076,0.15,2025-06-16 22:45:00,2025-06-17 21:00:00
2025-06-16 19:44:53,pendle-USD,0.107,0.02076,0.15,2025-06-16 22:45:00,2025-06-17 21:00:00
2025-06-16 19:48:21,pendle-USD,0.107,0.02076,0.15,2025-06-16 22:45:00,2025-06-17 21:00:00
2025-06-16 19:57:14,pendle-USD,0.1259,0.023278,0.15,2025-06-16 23:00:00,2025-06-17 21:15:00
2025-06-16 20:06:24,pendle-USD,0.1235,0.023011,0.15,2025-06-16 23:00:00,2025-06-17 21:15:00
2025-06-16 20:06:33,pendle-USD,0.2372,0.049603,0.15,2025-06-16 23:00:00,2025-06-17 22:30:00
2025-06-16 20:17:51,pendle-USD,0.2503,0.053643,0.15,2025-06-16 23:30:00,2025-06-17 23:00:00
2025-06-16 20:19:44,pendle-USD,0.1403,0.026613,0.15,2025-06-16 23:15:00,2025-06-17 21:30:00
2025-06-16 20:25:50,pendle-USD,0.1461,0.02775,0.15,2025-06-16 23:30:00,2025-06-17 21:45:00
2025-06-16 20:36:47,pendle-USD,0.1467,0.028186,0.15,2025-06-16 23:45:00,2025-06-17 22:00:00
2025-06-16 21:20:51,pendle-USD,0.1577,0.031092,0.15,2025-06-17 00:15:00,2025-06-17 22:30:00
2025-06-16 22:17:11,pendle-USD,0.1287,0.025384,0.15,2025-06-17 01:15:00,2025-06-17 23:30:00
2025-06-16 22:24:23,pendle-USD,0.1341,0.027094,0.15,2025-06-17 01:30:00,2025-06-17 23:45:00
2025-06-16 23:32:46,pendle-USD,0.1529,0.033449,0.15,2025-06-17 02:30:00,2025-06-18 02:00:00
2025-06-17 12:24:18,pendle-USD,0.1533,0.029723,0.15,2025-06-17 15:30:00,2025-06-18 15:00:00
2025-06-17 12:26:58,BTC-USD,253.9705,0.001804,0.2,2025-06-16 07:00:00,2025-06-17 16:30:00
2025-06-17 12:27:07,RAY-USD,0.0326,0.013994,0.01,2025-06-16 07:00:00,2025-06-17 16:30:00
2025-06-17 12:27:17,SOL-USD,1.5197,0.009113,0.2,2025-06-16 07:00:00,2025-06-17 16:30:00
2025-06-17 12:27:27,PENDLE-USD,0.043,0.009415,0.05,2025-06-16 07:00:00,2025-06-17 16:30:00
2025-06-17 12:27:56,pendle-USD,0.1533,0.029723,0.15,2025-06-17 15:30:00,2025-06-18 15:00:00
2025-06-17 15:36:22,pendle-USD,0.1583,0.033092,0.15,2025-06-17 18:30:00,2025-06-18 18:00:00
2025-06-17 17:50:14,BTC-USD,653.2757,0.00585,0.01,2025-06-16 12:30:00,2025-06-17 22:00:00
2025-06-17 17:50:23,RAY-USD,0.0446,0.018084,0.01,2025-06-16 12:30:00,2025-06-17 22:00:00
2025-06-17 17:50:33,SOL-USD,2.1923,0.012103,0.01,2025-06-16 12:30:00,2025-06-17 22:00:00
2025-06-17 17:50:43,PENDLE-USD,0.1198,0.023567,0.2,2025-06-16 12:30:00,2025-06-17 22:00:00
2025-06-17 17:51:13,pendle-USD,0.0645,0.013888,0.15,2025-06-17 21:00:00,2025-06-18 20:30:00
2025-06-17 17:53:57,pendle-USD,0.0645,0.013888,0.15,2025-06-17 21:00:00,2025-06-18 20:30:00
2025-06-17 18:13:11,pendle-USD,0.0654,0.01408,0.15,2025-06-17 21:00:00,2025-06-18 20:30:00
2025-06-17 18:20:08,pendle-USD,0.125,0.025119,0.15,2025-06-17 21:15:00,2025-06-18 19:30:00
2025-06-17 18:38:13,pendle-USD,0.1538,0.032154,0.15,2025-06-17 21:45:00,2025-06-18 20:00:00
2025-06-17 18:47:24,pendle-USD,0.0799,0.016491,0.15,2025-06-17 22:00:00,2025-06-18 21:30:00
2025-06-17 19:09:32,pendle-USD,0.0785,0.016314,0.15,2025-06-17 22:00:00,2025-06-18 21:30:00
2025-06-17 19:10:26,pendle-USD,0.0785,0.016314,0.15,2025-06-17 22:00:00,2025-06-18 21:30:00
2025-06-17 21:52:46,pendle-USD,0.0923,0.021379,0.15,2025-06-18 01:00:00,2025-06-19 00:30:00
2025-06-18 01:02:43,pendle-USD,0.4362,0.101233,0.15,2025-06-18 04:30:00,2025-06-19 04:00:00
2025-06-18 08:57:13,pendle-USD,0.0852,0.018247,0.15,2025-06-18 12:00:00,2025-06-19 11:30:00
2025-06-18 14:08:58,BTC-USD,750.5687,0.005999,0.1,2025-06-17 08:45:00,2025-06-18 18:15:00
2025-06-18 14:09:09,RAY-USD,0.0302,0.013697,0.1,2025-06-17 08:45:00,2025-06-18 18:15:00
2025-06-18 14:09:19,SOL-USD,0.9278,0.005211,0.05,2025-06-17 08:45:00,2025-06-18 18:15:00
2025-06-18 14:09:43,PENDLE-USD,0.1459,0.032728,0.05,2025-06-17 08:45:00,2025-06-18 18:15:00
2025-06-18 14:10:31,pendle-USD,0.0714,0.016404,0.15,2025-06-18 17:30:00,2025-06-19 17:00:00
2025-06-20 15:42:40,RAY-USD,0.092,0.037271,0.2,2025-06-19 10:15:00,2025-06-20 19:45:00
2025-06-20 15:42:52,PENDLE-USD,0.1092,0.023609,0.2,2025-06-19 10:15:00,2025-06-20 19:45:00
2025-06-20 15:43:20,pendle-USD,0.1141,0.025835,0.15,2025-06-20 19:00:00,2025-06-21 18:30:00
2025-06-20 15:44:39,pendle-USD,0.1141,0.025835,0.15,2025-06-20 19:00:00,2025-06-21 18:30:00
2025-06-20 16:09:42,pendle-USD,0.1141,0.025741,0.15,2025-06-20 19:00:00,2025-06-21 18:30:00
2025-06-21 12:10:02,BTC-USD,251.8919,0.00221,0.01,2025-06-20 06:45:00,2025-06-21 16:15:00
2025-06-21 12:10:13,RAY-USD,0.0434,0.015577,0.2,2025-06-20 06:45:00,2025-06-21 16:15:00
2025-06-21 12:10:26,SOL-USD,1.1492,0.007245,0.01,2025-06-20 06:45:00,2025-06-21 16:15:00
2025-06-21 12:10:36,PENDLE-USD,0.0424,0.010088,0.01,2025-06-20 06:30:00,2025-06-21 16:00:00
2025-06-21 12:11:01,pendle-USD,0.1696,0.042259,0.15,2025-06-21 15:00:00,2025-06-22 14:30:00
2025-06-22 09:43:12,pendle-USD,0.0658,0.015856,0.15,2025-06-22 13:00:00,2025-06-23 12:30:00
2025-06-22 10:22:35,BTC-USD,607.4411,0.005377,0.05,2025-06-21 05:00:00,2025-06-22 14:30:00
2025-06-22 10:22:41,RAY-USD,0.0124,0.004979,0.2,2025-06-21 05:00:00,2025-06-22 14:30:00
2025-06-22 10:22:48,SOL-USD,2.8766,0.019195,0.05,2025-06-21 05:00:00,2025-06-22 14:30:00
2025-06-22 10:22:55,PENDLE-USD,0.1103,0.029647,0.1,2025-06-21 04:45:00,2025-06-22 14:15:00
2025-06-22 10:23:20,pendle-USD,0.1577,0.03697,0.15,2025-06-22 13:30:00,2025-06-23 13:00:00
2025-06-22 13:42:02,pendle-USD,0.0597,0.014796,0.15,2025-06-22 17:00:00,2025-06-23 16:30:00
2025-06-22 18:43:31,pendle-USD,0.1171,0.030494,0.15,2025-06-22 22:00:00,2025-06-23 21:30:00
2025-06-22 21:41:54,pendle-USD,0.0563,0.013904,0.15,2025-06-23 01:00:00,2025-06-24 00:30:00
2025-06-22 21:42:06,pendle-USD,0.0563,0.013904,0.15,2025-06-23 01:00:00,2025-06-24 00:30:00
2025-06-23 12:58:52,pendle-USD,0.073,0.015092,0.15,2025-06-23 16:00:00,2025-06-24 15:30:00
2025-06-25 11:09:54,BTC-USD,889.6155,0.006997,0.2,2025-06-24 05:45:00,2025-06-25 15:15:00
2025-06-25 11:10:08,RAY-USD,0.0158,0.00588,0.2,2025-06-24 05:45:00,2025-06-25 15:15:00
2025-06-25 11:10:20,SOL-USD,0.6648,0.004037,0.1,2025-06-24 05:45:00,2025-06-25 15:15:00
2025-06-25 11:10:31,PENDLE-USD,0.0448,0.010541,0.2,2025-06-24 05:45:00,2025-06-25 15:15:00
2025-06-25 11:11:00,pendle-USD,0.0465,0.012335,0.15,2025-06-25 14:30:00,2025-06-26 14:00:00
2025-06-25 12:07:49,pendle-USD,0.1294,0.032727,0.15,2025-06-25 15:00:00,2025-06-26 14:30:00
2025-06-25 12:08:29,pendle-USD,0.1294,0.032727,0.15,2025-06-25 15:00:00,2025-06-26 14:30:00
2025-06-25 13:40:16,pendle-USD,0.0508,0.013682,0.15,2025-06-25 17:00:00,2025-06-26 16:30:00
2025-06-25 14:56:04,pendle-USD,0.0393,0.010144,0.15,2025-06-25 18:00:00,2025-06-26 17:30:00
2025-06-26 17:29:11,pendle-USD,0.1007,0.026961,0.15,2025-06-26 20:30:00,2025-06-27 20:00:00
2025-06-27 12:12:27,BTC-USD,179.0704,0.001289,0.01,2025-06-26 06:45:00,2025-06-27 16:15:00
2025-06-27 12:12:36,RAY-USD,0.0152,0.006492,0.01,2025-06-26 06:45:00,2025-06-27 16:15:00
2025-06-27 12:12:45,SOL-USD,0.6259,0.003364,0.01,2025-06-26 06:45:00,2025-06-27 16:15:00
2025-06-27 12:12:56,PENDLE-USD,0.0445,0.010904,0.01,2025-06-26 06:45:00,2025-06-27 16:15:00
2025-06-27 12:13:19,pendle-USD,0.2475,0.065672,0.15,2025-06-27 15:30:00,2025-06-28 15:00:00
2025-06-28 21:19:50,BTC-USD,160.4715,0.001375,0.01,2025-06-27 16:00:00,2025-06-29 01:30:00
2025-06-28 21:19:57,RAY-USD,0.0137,0.005652,0.01,2025-06-27 16:00:00,2025-06-29 01:30:00
2025-06-28 21:20:04,SOL-USD,0.9379,0.00518,0.01,2025-06-27 16:00:00,2025-06-29 01:30:00
2025-06-28 21:20:12,PENDLE-USD,0.0302,0.007859,0.01,2025-06-27 15:45:00,2025-06-29 01:15:00
2025-06-28 21:20:46,pendle-USD,0.0438,0.00925,0.15,2025-06-29 00:30:00,2025-06-30 00:00:00
2025-08-28 15:54:42,pendle-USD,0.151,0.023125,0.15,2025-08-28 19:00:00,2025-08-29 18:30:00
2025-08-28 16:00:12,pendle-USD,0.1504,0.023043,0.15,2025-08-28 19:00:00,2025-08-29 18:30:00
2025-08-29 00:42:22,pendle-USD,0.1078,0.020035,0.15,2025-08-29 04:00:00,2025-08-30 03:30:00
2025-08-29 00:43:17,pendle-USD,0.1078,0.020035,0.15,2025-08-29 04:00:00,2025-08-30 03:30:00
